yoyopics.com, 672
ahintofhoney.com, 459
rawmmc.com, 366
rajdiscoms.com, 545
t-rob.net, 981
aftcra.com, 664
whs.gov.hk, 269
hozamplaza.hu, 905
blacksondaddies.com, 526
topqpon.si, 272
contracts.ir, 6268
asianescorts.com, 378
poliis.ee, 1368
lightswitchhelpwebsite.com, 500
dogaka.gov.tr, 851
thefuturebuzz.com, 379
buyphone.com.tw, 1263
openmaps.eu, 961
incesto.blog, 518
airstop.sk, 1436
turismoeslovenia.es, 712
declarationprealable.fr, 1482
komodolabs.com, 581
vietnambiz.org, 953
englishisgood.blogsky.com, 588
nclat.nic.in, 462
rlz.org.il, 3419
rainbowfcu.com, 501
mazda.fi, 599
brushopolis.myshopify.com, 724
sfcnclaser.com, 540
csw.ac.th, 524
elviajedetuvida.es, 984
ballsure.com, 510
randovelo.fr, 1184
magnovianacosta.blogspot.com, 933
comerartadvisory.com, 709
centroinox.it, 1880
visit-vermont.com, 614
twce.org.tw, 1305
stgeorgesweybridge.com, 1332
reinforcing.com.au, 428
omastere.ru, 839
imarks.in, 1131
sitesaid.ru, 2696
edt02.net, 643
ourstravel.com, 568
fornacigrigolin.it, 1856
spyonmen007.tumblr.com, 369
nissay-hp.or.jp, 1075
girls-art.photos, 894
aulahispanica.com, 561
binomovietnam.com, 361
milprogramaspc.blogspot.mx, 1528
tengokunoumi.com, 565
proscitech.com, 359
ict.govt.nz, 194
teatregoya.cat, 1272
thefashionbible.co.uk, 467
medicalgenomics.ru, 868
pctravelbookingengine.ca, 766
kottosoft.ucoz.com, 1352
alfred-versatile.tumblr.com, 360
sattamatka.online, 513
myguidereykjavik.com, 513
golicraft.no, 2293
channellock.com, 364
greenwoodcarshow.com, 500
tokvila.lt, 708
lang-laser.de, 1299
mediaevent.at, 720
qubena.com, 507
engawa.global, 928
kloptdatwel.nl, 435
milmag.pl, 746
ashford.gov.uk, 2744
myvisualiq.com, 494
infominer.io, 632
unixcctv.com, 715
iciccongo.com, 503
thaihothit.com, 360
ulov56.ru, 787
fleekbabies.myshopify.com, 727
newsmake.net, 861
tiemposonline.com, 645
auto-insite.nl, 513
jumpstarter.hk, 2205
gigameubel.nl, 464
showman1.com, 490
firewolfcounseling.weebly.com, 1015
liquidagency.com, 1208
windows10top.com, 367
sopranos-locations.com, 565
pitts.be, 1355
solarclarity.nl, 865
malteesser.com, 564
gwe24.pl, 828
wildpips.com, 509
aidcvt.com, 365
gremlintube.com, 358
cityofoviedo.net, 513
ssrs.cz, 536
wazp.io, 736
slubowisko.pl, 817
opioids.com, 1148
eckeweb.com, 480
waterfordbikes.com, 1157
transportforex.co.za, 850
isag.pt, 1985
elblogdelmandointermedio.com, 1360
qyvpn.com.cn, 11643
levidom.com, 521
cbradioguide.com, 370
arsyusha.ru, 1448
danstasteofsummer.com, 491
bookmeditationretreats.com, 375
newarkmotorauctions.co.uk, 639
cleverblog.ru, 785
succeedms.com, 370
webermel.com.br, 912
northwestmusicscene.net, 736
pantyhosed4u.com, 576
bareoaks.ca, 935
yggdrasil.pl, 2227
grishko.com.ua, 1516
huaydeddee.blogspot.com, 914
uae-group.com, 491
szthks.com, 655
verticebs.com, 1699
maihaoche.com, 1065
loginmik.com, 521
hljkj.cn, 960
bedfordbulldogs.org, 633
hotelavailabilities.com, 373
bestmobiles.in.ua, 1629
chukchansigold.com, 369
carolinaravassa.com, 955
nestleprofessional.us, 510
netbee.shop, 509
eporner.co, 705
danlawinc.com, 492
iida-riho.com, 1773
nnplus.ru, 850
myswitchblade.com, 528
bylinkopedie.cz, 542
sexlox.com, 361
englishgrammarexpress.com, 486
au-agenda.com, 1109
lapinkirjasto.fi, 603
oceanic.com.br, 937
kraftwurx.com, 494
nabu-natur-shop.de, 780
secand.jp, 1021
theshackbook.com, 457
macekasyn.cz, 235
nickbb87.tumblr.com, 370
birdhouseskateboards.com, 496
soulboundstudios.com, 360
forstamps.ru, 1113
oak.go.kr, 552
nigrizia.it, 1196
inidhu.com, 575
whastapp.com, 513
vitadigest.com, 576
nierautomata.xyz, 510
protelescope.com, 363
tbgym.com, 650
webcam-weather.eu, 3255
ezmls.com, 377
ohioswallow.com, 504
mbus.co.za, 779
agiletesters.com.br, 918
spud.com, 362
greenwichpeninsulagolfrange.com, 365
premiercadeau.com, 1298
mediaonegroup.ch, 1489
interviewkiller.com, 576
app12345.com, 536
itslb.com, 367
cyb114.com, 513
deerantlerplus.com, 367
winds-score.com, 367
mobilecitywireless.com, 537
hebamme4u.net, 1337
i--gu.ru, 2292
wifepornpics.com, 883
sveza.ru, 1498
6-6-w.com, 3825
whamisa.de, 997
studnet.net.ua, 1711
creditservice.su, 1715
longsnake88.com, 374
hardbase.fm, 981
skia.org, 719
smartouch.no-ip.info, 807
blackeyedpeas.com, 736
exotic-erotics.com, 486
gimnastikasport.ru, 1397
screwsandmore.de, 824
booyakashaa.com, 513
vse-kursy.by, 3325
gmflymedia.com, 2749
dewalt.com.mx, 1426
dcmosquitosquad.com, 491
civ-wiki.de, 1698
uchinghd.blogspot.in, 1151
nonburari.jp, 722
51surfing.cn, 973
govco.co, 711
ifps.org.pl, 1300
ponyturf.free.fr, 1627
howardpianoindustries.com, 378
pitbook.com, 1189
anteprojectos.com.pt, 508
handsfreelink.com, 511
love17789.tumblr.com, 361
webmaster.net.pl, 1514
brivis.com.au, 518
bisnishack.com, 518
ifsanimal.com, 1026
scryptmail.com, 466
hamradio.net.gr, 1331
handbalinside.nl, 1726
hackadoll-anime.com, 505
pakistanaffairs.pk, 704
lntebg.com, 503
paktimes.pk, 1039
vpsforex.ru, 851
funnydogsite.com, 367
jsise.org, 974
edugroupe.com, 1291
odishabuzz.com, 1491
geronimo.it, 1883
sarov.ru, 801
12voltdata.com, 565
dealersuite.com, 558
coindsk.com, 507
h5datacenters.com, 490
arsus.jp, 477
costatic.com, 640
playzo.de, 766
midtownatl.com, 488
ones-style.jp, 1990
charpente-total-bricoleurs.wifeo.com, 1288
vocabolaudio.com, 453
turboentrada.com, 356
nargil.org, 461
gotvarstvo.bg, 891
xn--b1ahhahznja9a.xn--p1ai, 1444
hyipcom.com, 637
pilkey.com, 358
brokenpaintbrush.com, 566
guerciotti.it, 596
djembefola.com, 462
21474.tumblr.com, 360
eliquidmania.com, 512
vomit3d.com.br, 928
apasionadadelasredessociales.wordpress.com, 732
megacriativo.com, 367
oaa-accessibility.org, 640
briansclub.at, 805
lime-mortars.co.uk, 877
moritz.com, 1386
uskudarsanat.com, 709
cue-products.com, 1088
may-press.com, 1113
kellenams.com, 366
sodomized.info, 1151
privilegesletters.com, 396
intras.fr, 1622
tnfactorydirect.com, 496
midlandchandlers.co.uk, 430
ohueli.net, 1302
xn--h1aagpbh6b.xn--p1ai, 740
fiatpandaclub.nl, 974
dosbrains.com, 463
litsoft.com.cn, 963
eshcosazehgostar.com, 1516
cameraneon.com, 497
adiosatujefe.com, 902
messages.fr, 1474
casalprocuracasal.com, 363
bhagwati.org, 628
dkilbo.com, 515
chujnia.pl, 1358
harikesanallur.com, 979
sextube.space, 1007
59gg.cc, 872
quantummachinerygroup.com, 352
netseenergy.fr, 2016
guamjobsonline.com, 507
wrprates.com, 1250
rpcmp.ru, 834
cpni.gov.uk, 1588
mariohugo.com, 1195
tetley.co.uk, 1018
xn----gtbdmohbpajtp0j4b.xn--p1ai, 2198
adres-ip.pl, 1401
radioswhplus.lv, 751
adcrescendo.com, 686
dealmonster.co.uk, 884
nzcermarking.org.nz, 535
kleuterportaal.nl, 442
simsiki.ru, 1217
streamslycs.com, 454
macaulifestyle.com, 377
cruisesheet.com, 377
mattcromwell.com, 376
nordita.org, 1450
studiomoniker.com, 511
appleismo.com, 365
psbbmillenniumschool.org, 1240
tecidos.com.pt, 989
eccemergency.com, 535
barellolens.com, 666
icsoutsourcing.com, 761
kruchten.com, 461
tzsucai.com, 545
safari-lodge.fr, 1455
foxdad.com, 488
cuisine.in.ua, 1510
krups.com, 359
idss.com, 368
cuatrogatos.org, 937
tali.de, 847
webdelabelleza.com, 554
deloitteconference.com, 1088
ohgratisporrfilm.com, 1048
captaingeorges.com, 360
standon-calling.com, 567
webyeshiva.org, 629
picalica.net, 1632
viralviralvideos.de, 1411
pro12rugby.com, 1011
hotbestporn.com, 357
onemorecoming.com, 954
pornos.com, 669
nickheaven.weebly.com, 1036
blogram.jp, 998
eichsfeld-gymnasium.de, 774
wildeastfootball.net, 723
orville.com, 511
egapark-erfurt.de, 1543
malignani.ud.it, 667
mp2energy.com, 501
fazergroup.com, 364
mygareclub.com, 1060
zdatainc.com, 360
blakeshelton.com, 904
india-ifs.com, 1639
psgstream.net, 726
souznik-airsoft.ru, 829
euromillions.online, 497
12streetgym.com, 533
riomarrecife.com.br, 912
myairbags.com, 357
sharkfin.ru, 1602
finfloor.com, 1290
sibelco.sharepoint.com, 3446
incubator24.ru, 1399
back-panel.jp, 1028
alta-frequenza.corsica, 1012
hannover24.ru, 1255
mymusicradio.co.uk, 657
bookkeepingchef.com, 459
fekraneh.ir, 1652
childrensministryleader.com, 846
appsformarketers.com, 574
urlof.site, 1010
bitsum.biz, 716
encoded.io, 634
e-tributs.cat, 425
massmedia.blog.ir, 1774
agrolib.ru, 801
askbcb.tumblr.com, 356
vdmt.com.ua, 917
jobformodel.com, 375
eedirectory.com, 577
plus-skateboards.com, 556
vwstockholm.se, 953
accurate.id, 766
bishopwatterson.com, 488
region-vysocina.cz, 545
venditacasette.com, 1262
tns.world, 1311
elfon.com.pl, 1279
sharing.org, 936
overdrive.io, 631
tranhtheuchuthap.vn, 529
diep.ie, 1241
krishna.zp.ua, 1485
marquesdezas.blogspot.com.es, 1134
charme-beauty.ru, 790
jinolog.com, 516
next.cz, 546
shine.city, 851
comarch-cloud.pl, 822
alexandani.jp, 913
yonderauto.com, 1344
cash-for-your-home.org, 449
ultrafractal.com, 656
elsaposabio.com, 689
ozelguvenliksinavi.com, 1052
abbymodels.com, 746
seo-zona.ru, 832
teaplus.com.tw, 1216
piqza.de, 1525
buylittlecigars.com, 1148
webkype.com, 671
sakanano.com, 944
quangphuong.vn, 1050
suter.ch, 1305
s0ciali5t.com, 456
coverfriends.org, 1105
cuixx.com, 493
szyaoxin.com, 512
estilorenner.com.br, 932
channelcoast.org, 1220
demidich.ru, 1604
hortimail.over-blog.com, 1197
stugon.com, 371
los3dragones.com, 646
actt.it, 1253
fixturesanddisplays.com, 601
mainpath.com, 378
ataturkdevrimleri.com, 371
klassnenkiy.ru, 827
cera.be, 1196
whiskyhammer.co.uk, 636
franceluxe.com, 568
morningfalls.com, 364
rankmyapp.com, 368
rapidepub.com, 637
newsprawah.com, 453
trimbos.nl, 497
tracker.co.uk, 950
caracter.ru, 833
sarkaribanglacollege.gov.bd, 1271
tattoodaze.com, 580
chanelpreston.com, 487
petmarket.rs, 1991
motovest.pt, 1054
yekzendegi.blog.ir, 1775
ketabcha.com, 1175
cafea.fr, 1115
menz.today, 891
xiglimited.com, 490
drunkentop.com, 660
himalayau.com, 480
lamar.edu.mx, 1272
cellpack.com, 1206
ado.immo, 688
carmanualsonline.info, 510
criticalmediaproject.org, 624
mundoportugues.org, 635
fjnet.cn, 2680
kaloree1.com, 360
cinema-palace-cameo-metz.fr, 1477
writethatscene.com, 367
futsal-freak.com, 655
chinhgoc.vn, 3039
js-company.ru, 785
trackermarine.com, 496
shodensha-inc.co.jp, 476
fliesendiscount.de, 817
ana-exjapan.com, 876
groundupmusic.net, 827
dialogimam.com, 1647
drumazon.com, 647
vworker.com, 520
pharmacydepot.gr, 665
giveaway4.com, 518
wpanet.org, 1127
gzmk.ru, 777
greekcitytimes.com, 360
spotnaked.com, 487
taquillaoficial.com, 658
inseminazioneassistita.it, 671
meucerebro.com, 370
knopnews2.com, 496
aifb.it, 1281
meslekciyiz.com, 706
generosity.org.nz, 578
nexus.ao, 1664
amazingchoice.com, 576
sprzedajemytkaniny.pl, 652
flo-cert.net, 1255
gtalk.us, 406
steadyturtle.com, 374
peleg-design.com, 362
securitas.com.tr, 1277
southdakotaworks.org, 281
hb-web-design.com, 948
ihlassondakika.com, 512
peep.asso.fr, 1475
associatedbag.com, 362
flyuvet.it, 647
mukke.in, 1013
metric.ge, 728
besthostingsearch.org, 800
ecofinagency.com, 1024
designdirectory.co.uk, 1106
chaircrazy.co.za, 867
iruna-online.weebly.com, 1024
thecolonytx.gov, 677
gaypornlove.net, 740
drjeandoddspethealthresource.tumblr.com, 364
wearewrkshp.com, 501
yamatojk.co.jp, 468
plazahollywood.com.hk, 809
ikalender.org, 1220
capc-bordeaux.fr, 1501
dgr.su, 1509
3m.com.co, 775
bonoschile.com, 559
mauroscardovelli.it, 1865
outy-store.fr, 888
ruletkacsgo.ru, 829
abraxasenergy.com, 559
airplantsupplyco.com, 496
loteriasantander.gov.co, 854
sakums.com.ua, 1585
exponential.jp, 942
themreport.com, 368
xwebbest.ru, 778
davidoffgeneva.com, 1110
oceancredit.ro, 823
books-world.net, 726
phowd.com, 489
iopen.cn, 960
yatinmg.tmall.com, 5970
femalefranchise.co.uk, 569
p-s-b.com, 575
barter.es, 1149
gibrick.com, 582
rechtsanwaltsgebuehren.de, 1299
nolte-moebel.de, 1214
kaibicy.ru, 1448
farmstay.co.uk, 560
oholocaustoanimal.wordpress.com, 717
costumingdiary.com, 363
rueckenwind-luebeck.de, 1235
piauiemfoco.com.br, 940
openbeelden.nl, 445
elbalcondemateo.es, 1134
hotbfvideos.com, 1339
merlinprojects.com, 364
ajudadireito.com.br, 674
ipagare.com.br, 679
kinesi.cat, 1013
cmosic.com, 548
bluecrossofindia.org, 1067
beetjespellen.nl, 437
clisel.com, 1585
puce-tique.fr, 2353
sisimtel.com.mx, 1211
xhott.com, 490
kholodenko.net, 986
kitsap-humane.org, 1076
zbraneostrava.cz, 1191
rafn.com, 519
davitamedicalgroup.com, 1106
freeandnative.com, 487
irankanaf.ir, 1496
britishcat.net, 1511
nutrisavings.com, 640
sougouhoken.jp, 796
storm-technologies.com, 358
khawaran.com, 510
nothingbutrealblues.blogspot.be, 1431
keea.info, 853
7asriiyat.blogspot.com, 907
volksbank-erft.de, 473
waytm.in, 770
sagoma.info, 1041
economiafenix.wordpress.com, 714
isgroupe.com, 1023
ingat-allah-swt.blogspot.co.id, 1359
duniaterbaru.com, 505
givemebackmyfivebucks.com, 459
smeenk.com, 1081
atomicfilament.com, 493
momspussy.net, 725
datagif.fr, 906
damsonaudio.com, 449
djmast.fr, 1583
sunvision.co, 505
dekodiz.ru, 1518
taboomothertube.com, 652
buleipotan.com, 524
stripclub2u.com, 951
russelldavies.typepad.com, 365
clasesdrdru.wordpress.com, 725
zema.su, 1628
banknot.pl, 662
tsinghua-sz.com, 554
opticaltransceiver.com, 681
riverheadlocal.com, 362
idslogic.com, 364
zeroth.ai, 790
epilogue-gakuen.com, 501
axelor.com, 1296
etudepsychologie.com, 640
plantsthejewellers.co.uk, 1114
archive-com.com, 519
aviba.ru, 778
starwarscelebration.com, 1103
hilal.gov.pk, 521
upparamatrimony.com, 1387
techempty.org, 861
zyciesiedleckie.pl, 672
matttroy.net, 722
ecoc2017.org, 1418
youngteensexphotos.com, 482
easy-movies.ru, 841
mondoaffariweb.it, 1851
byndyu.ru, 1620
9choke.com, 481
indybrandclothing.com, 497
temperedglass.ro, 827
tassimo.co.kr, 1121
winm88.com, 507
ontariofishingcommunity.com, 363
ottopizzeria.com, 495
ptservidor.pt, 1117
gotoplex.com, 508
bjbqhb.com, 1523
catalog.com, 656
slimsecret.ro, 1459
horancares.com, 483
spanishclassonline.com, 524
silvanademaricommunity.it, 1037
happytc.com, 543
gjwtitmuss.co.uk, 1207
mylifeatkroger.com, 568
siostry-sc.pl, 752
uscannenbergmedia.com, 364
frontlinegenomics.com, 504
iferp.in, 707
autopowerhouse.com.au, 2561
agelyance.com, 572
passeportmtl.com, 351
zenit-history.ru, 1569
powerbankguide.com, 353
hippiehollow.com, 494
mamiwata.com, 459
piramidasunca.ba, 975
adviuz.com, 358
isopweb.cz, 533
top.edu.cn, 601
aventuraycia.com, 645
findforsikring.dk, 1642
heavytools.hu, 449
muhasebeuygulama.com, 509
hametova.ru, 1488
pravnilinka.cz, 534
universityathlete.com, 378
transtastical.tumblr.com, 368
limh.me, 1996
davidsonwp.com, 869
karlivka-mrada.gov.ua, 713
janisoftwares.weebly.com, 1016
talkwithme.ru, 1409
pnu.edu.ph, 822
famem.org.br, 1273
mmorpg.website, 688
adaptivebio.sharepoint.com, 3358
kounenki-sapuri.biz, 792
jti-partner.ru, 783
igruny.blogspot.ru, 1492
moejp.com, 2251
visititaly.com, 670
mon-comparateur.fr, 1612
calidaria.com, 673
officersclub.com, 487
quakeworld.nu, 666
mein-zaunshop.de, 1106
k9grass.com, 361
asiaherbassociation.com, 469
stephaniejoanne.com, 491
homeplaytv.com, 785
lulusdrawer.com, 644
a-sms.ir, 909
iglesiasanjosemaria.org.mx, 1021
alkogolno.ru, 1603
dc-center.jp, 551
invert-it.pl, 730
kleingartenwelt.de, 1083
indo-wholesale.com, 453
redzuan-ridz.blogspot.my, 1280
huion.com.pl, 1893
lepasjenuh.com, 461
chantal.tv, 1665
mondial-reisen.com, 575
rikochanpornstar.com, 496
box3.net, 1445
horskasluzba.cz, 596
irtsaquitaine.fr, 2285
e-batoh.cz, 534
onqmarketing.com.au, 521
greenmountaincbd.myshopify.com, 726
cruelnetwork.com, 582
hrpworld.com, 573
schulefriesgasse.ac.at, 1759
touring-italy.net, 937
silverage.cn, 966
dornaweb.com, 373
flowerprincess.tmall.com, 2907
degoedkoopstenotaris.nl, 820
ipad.com.br, 933
mebel.uz, 795
f-notes.info, 824
tob.rs, 1445
kilkimzaibu.com, 1438
loreal-paris.com.sg, 517
iranquebec.ir, 1556
stophavingaboringlife.com, 559
majyx.net, 744
pyracloud.com, 513
solopreneur.fr, 3729
kassabasystems.com, 1355
mfc.com, 366
wein-plus.it, 775
jennyvalentine93.tumblr.com, 369
wackerneusongroup.com, 676
shopilovejewelry.com, 492
homeshoppingista.wordpress.com, 733
raquettebreceenne.com, 1306
club-prive-des-parieurs.com, 632
megpanel.com, 369
wpcourse.com, 493
autodr.ru, 1598
bigakko.jp, 560
credencial.online, 764
snaptube.com, 511
ntsc.org, 894
magirema.com, 366
promotionalproductinc.com, 528
sierrawell.com, 485
geoport-lk-mse.de, 1626
zo-oikologika.gr, 1410
roomfullofspoons.com, 565
direct-israline.co.il, 1628
titantrade.com, 486
caucasusgeography.blogspot.ru, 1454
teenydevil.com, 368
ultramusic.com, 720
internetmarketingcourse.com, 370
chrysalis-jpg.tumblr.com, 365
tijon.com, 495
jdramacity.blogspot.com, 904
go4sales.xyz, 764
kn926.com, 1078
gubernia74.ru, 1649
foxpox.ru, 1587
eyenshop.com, 597
nseifsc.com, 1181
sixfigurephotography.com, 364
favelaclothing.com, 542
duggarswithoutpity.blogspot.com, 904
partdav.free.fr, 1602
exacom.ru, 809
mazzonettometalli.it, 665
concorde.io, 636
radiogeracao.com.br, 753
diplotop.es, 1072
nguoibentre.vn, 1053
lclad.com, 488
592fs.cn, 877
posters.de, 1444
gefragt.net, 1451
tamilkingdom.com, 505
intratec.us, 512
vanmetrehomes.com, 360
dietadukan.it, 1214
premierecollectibles.com, 539
thisisups.tumblr.com, 359
growgarden.cz, 547
nicennaughty.co.uk, 1156
uticafirst.com, 585
seouleins.com, 1305
blackvue.ru, 833
outdoor-military.cz, 542
ahujapaworld.com, 840
bit-economy.news, 900
nrf.eu, 1248
g12brasil.com, 507
acfei.com, 495
birlainstitute.co.in, 716
flightplanet.com, 1177
ajgroupholding.ch, 805
earsplitcompound.com, 564
goodcheaponline.pw, 799
idleminertycoon.com, 373
vast.gr, 1271
takuyo.co.jp, 1066
niemann-frey.de, 1409
jollibeeparty.com, 370
mastiholiday.com, 1263
ligature.ch, 1375
fundacion-canna.es, 1077
kim-fornor.tumblr.com, 361
engageeducation.org.au, 703
louislouise.com, 1287
isport22.com, 380
gidatarim.com, 355
vyazhem-detyam.ru, 1406
thomortiz.tumblr.com, 354
blownmotor.com, 559
welcometoplainview.com, 493
wydawnictwopw.pl, 735
inchbug.com, 493
inibiru.com, 527
dalloyau.co.jp, 525
melissa-li.ru, 799
arpaco.ir, 1524
icid.org, 993
weeky.es, 1067
hljvisa.org.cn, 870
youngteensarefit.tumblr.com, 366
get-freeebook.blogspot.com, 910
norco-group.com, 488
bonus.is, 837
elvispresleynews.com, 490
notesforpakistan.blogspot.com, 913
honestlyconcerned.info, 799
test-otveti.ru, 781
zynbit.com, 504
zenbyte.net, 1026
freeones.be, 1000
pohudet.org, 1341
top-garage.fr, 899
sfmtraining.tumblr.com, 354
healthcaresolutionsathome.blogspot.com, 912
sciencetopia.net, 724
gentleman-thug.tumblr.com, 357
millcreekmetroparks.org, 902
bayager.com, 1294
forexparadise2.biz, 1042
komi-nao.ru, 808
hrn.io, 831
fun4child.ru, 832
bio-suisse.ch, 1224
getsysteminfo.com, 1224
gulfcoastcommunityfcu.com, 609
lafosse.com, 490
appsclick.net, 725
sneakerstock.ru, 824
wpdesign.in, 810
bilecik11.com, 711
insightiq.com.au, 825
magnalunaarts.tumblr.com, 366
pfr.kirov.ru, 783
avoidting.club, 770
kanpurdehat.nic.in, 955
voba-vorbach-tauber.de, 1220
nhadathaiphong.vn, 961
foto-koester.de, 765
djroberthelrey.blogspot.com, 913
pennystockplay.com, 731
nieuwsenweetjes.com, 367
high-rely.com, 1273
pandakindermoebel.ch, 2796
homepage-buttons.de, 1335
uhren-park.de, 1325
chronosage.com, 494
foodics.com, 364
registropop.com.br, 928
pickforwin.com, 2756
rihac.com.au, 535
prorybu.ru, 1599
werewolftech.com, 1277
sclvshi.net, 1208
parkbytext.com, 641
cog.de, 819
pfikyokai.or.jp, 543
pixarplanet.com, 511
elitecat.cz, 538
outside.co.uk, 632
dometic-service-muenchen.de, 1298
mundoletras2009.blogspot.com.br, 1312
r-world.com, 498
juick.com, 995
5core.com, 492
januketranslations.wordpress.com, 716
notiziare.it, 1275
cuisinorama.com, 361
bellevuestrawberryfestival.org, 888
tamagawakan.co.jp, 526
motomarket-shop.gr, 1206
whitewomenblackmen.com, 367
zthailand.com, 508
process-heating.com, 364
maxidej.ru, 1582
utntyh.com, 462
justdoondo.com, 594
cfanhome.com, 514
formetris.com, 1319
denylist.com, 570
bruinteamshop.com, 368
tripgate.net, 414
the-sos.com, 2739
omegabrandess.com, 621
santquirzevalles.cat, 582
coopmarket.com, 360
riigitootaja.ee, 752
his-kaigaihatsu.com, 501
hitomis.com, 1099
nehartravel.com.mk, 1147
theballetblog.com, 543
mye2shop.com, 360
solarimpulse.com, 1407
status-kurs.ru, 1599
asian-anal-porn.com, 1051
cmsa.org, 853
marquettewire.org, 638
coldist.com, 491
supper.london, 501
funteensex.com, 654
heradas.lt, 716
v-mahdieh.ir, 926
etap.org, 1566
puffberi.ru, 2273
petridi.gr, 656
iwavejapan.co.jp, 982
empirepromos.com, 356
mogwandogfood.co.jp, 717
sun2198.blog.163.com, 697
lena-mozya.ru, 1398
pbmh.ac.in, 512
standardia.com, 604
cocoweb.com, 537
latiendadeuo.com, 365
realgreen.com, 511
fkids.net, 918
ppfaccountonline.in, 803
vwpartsnation.com, 367
asealia.com, 680
rumia.pl, 658
phizzurp.com, 491
cydd.org.tr, 885
plopsacoo.be, 1344
emc.com.br, 984
lesglorieuses.fr, 904
mahjongeaster.com, 488
concretedecorshow.com, 1083
everycollegegirl.com, 598
craftanimations.com, 491
vyaskn.tripod.com, 1724
topsecret.no, 743
bashanfoundation.org, 639
eurobuslines.com.ua, 1412
bicycleadventures.com, 466
thebetarena.com, 367
techinbrazil.com, 588
mkbc-tour.lv, 756
aodinuojj.tmall.com, 3123
suporyt.tmall.com, 2917
mirthprovisions.com, 487
jlsa.or.jp, 533
fifthharmony.com, 367
tntpteachingfellows.org, 891
mayflower.com.my, 905
idposter.com, 363
partydeko.ch, 1687
hecom.cn, 975
trips100.co.uk, 642
forotarantulas.com, 658
pro-page.jp, 550
fahares.com, 371
333afo.ru, 808
gardeningtips-now.com, 569
glneurotech.com, 1189
theblog.de, 1291
mahancharge.com, 2504
mountvernonwa.gov, 1107
bell.ch, 750
xxx-69.net, 978
cumminshub.com, 491
powerscreen.com, 514
d-edge.com.br, 679
cmg.one, 792
galleryaplikasi.com, 695
troubles-bipolaires.com, 1307
ravy.ir, 1705
jaxbicycles.com, 1086
salonservicegroup.com, 486
nic.md, 826
xiaomiscooter.wordpress.com, 734
sarayhome.gr, 1384
kiyanet.ir, 914
benchmarkinstitute.org, 807
pptx.ir, 1502
homann.de, 755
itnew.eu, 1833
berwirausaha.net, 888
indianagrand.com, 514
vivovape.com, 509
verholy.com, 662
perelson.com, 516
harshaindia.com, 362
chineseshaolins.com, 520
voxxelectronics.com, 500
lux-camp.pl, 812
oxalis.cz, 600
amirkabir.net, 1587
kombihocasi.com, 368
rockconfidential.com, 1097
zebranomobilya.com.tr, 849
directivosplus.com, 1354
nixplaysignage.com, 502
benimatic.com, 523
nwt.net.br, 637
newsofthesouth.com, 1793
4x4direct.co.za, 1246
jonochrome.com, 520
shopmania.com.mx, 1259
urist-rostov.com, 1534
samtuoingoclinh.com, 970
new-launch-property.com, 534
onlainfilmix.com, 363
azuniatequila.com, 371
lmlblog.com, 569
salou.cat, 1280
pamline.com, 1699
carolinaoutreach.com, 359
beach-galleries.com, 514
intermargins.net, 980
gururi360.net, 506
huggies.com.mx, 867
hoelzle.ch, 1125
gocool.ru, 843
pmwebinars.ru, 1497
easydefine.com, 515
dmitriy-sivak.livejournal.com, 1760
hotpackuae.com, 493
victorenginescripts.wordpress.com, 747
scilogs.fr, 1217
mahoneswallpapershop.com, 576
optimalprint.no, 1019
coldfury.com, 584
dpz.com, 1159
adec.org, 1059
outdoor74.ru, 784
pop-verse.com, 647
transunion.co, 890
duniaiptek.com, 459
mbs-potsdam.de, 773
ignitioncreative.com, 585
mysweatypursuits.com, 1212
megatv.vn, 523
caspianshop.ir, 1081
js-sphere.net, 751
dadakinder.com, 508
rolaproducts.com, 575
skuzzles.com, 355
wakanow-addons-wps-production-prod.azurewebsites.net, 1558
fastesttv.com, 2760
metalroofingonline.com.au, 160
archik.fr, 815
circuitboardmedics.com, 537
watchcoins.net, 736
wikifortio.com, 502
femdommed.tumblr.com, 361
obedientenena.blogspot.com.es, 1132
southbaycu.com, 493
dallasspankshard.com, 499
airwave-club.ru, 1605
lp-up.com, 459
surveyunion.com, 1044
catalunyaexperience.fr, 1177
3dprinterworld.com, 719
bazar.tools, 1533
swissmilitarytime.ch, 1537
afpcheck.com, 688
ebf.cat, 1313
outletexpert.sk, 1279
madbobpicks.co.uk, 664
onstellarrays.com, 482
hkphone.net, 1177
brightery.com, 359
kannaihall.jp, 505
keltymentalhealth.ca, 960
creatures.co.jp, 818
itic.org, 1047
hospitalityupgrade.com, 579
redlg.net, 1172
nhaxinhplaza.vn, 661
bungeisha.co.jp, 473
gsc-game.ru, 2644
katedeering.com, 491
d3boards.com, 1649
videoredo.net, 1142
highgrovegardens.com, 507
3lameayoub1.blogspot.com, 905
clawhammerbanjo.net, 1628
lactationtraining.com, 568
gresten.gv.at, 1797
global-serve.com, 592
hackmac.org, 458
agronegocios.es, 506
mama-dame.com, 1010
ubercomunicados.com, 381
jj-group.jp, 558
novezamky.sk, 755
shoparbor.com, 2750
autonomera777.ru, 784
writersvillage.com, 566
bestclips.org, 1166
lvumusic.net, 1050
rockcinema.eu, 1683
szexvideok.hu, 948
playvideolink.com, 690
cumberlandmall.com, 506
softwear.nl, 797
rockfordrecords.com, 3666
aymeric.net, 1307
nbuc.net, 2898
allnutribulletrecipes.com, 634
consumables.co.nz, 535
viktoriaandwoods.com.au, 515
barceloweddings.com, 503
spawn-share.blogspot.com.br, 1348
eatsimply.de, 865
fpesales.com, 1116
lamphim.vn, 537
apritos.com, 1172
kubity.com, 1294
101giteinliguria.it, 585
fivchannel.blogspot.sg, 1162
web-pc.kz, 1169
2mir-istorii.ru, 1472
domain-girls.guide, 641
byojet.co.uk, 631
coltulcameliei.com, 495
theartsclub.co.uk, 1178
hbk.com, 369
directive.com, 365
sdrtraveller.com, 457
beic.it, 597
nestle-contigo.cl, 2035
mejorescolegios.es, 949
omelhorplanodesaude.com, 1259
huawei-info.de, 1316
netcologne-schulsupport.de, 1526
kolledgsvyazi.ru, 1390
hashlearn.com, 369
nalivator.com, 1539
7astro.com, 570
elmirastoveworks.com, 370
transfer-iphone-recovery.com, 557
phjacus.pl, 759
xuui.net, 1643
tulodz.com, 1435
coutie.com, 1184
nusantarabet4d.com, 371
jav.re, 881
sofahelden.com, 490
imagine-ps.com, 358
fashionntrend.com, 579
rsgoyal.com, 511
usi-laminate.com, 610
theidealwriters.com, 360
mixxt.com, 1179
tajikta.tj, 943
suspension.com, 360
mysinchew.com, 366
stroyberg.ru, 799
slcs.us, 755
wowdigsite.com, 565
decoraid.com, 375
youthspeaks.org, 832
un.dk, 824
phantastike.com, 1481
emilycottontop.com, 489
ncdc.go.ug, 1436
marylebonevillage.com, 1333
ktel-zakynthos.gr, 650
colormine.org, 1101
acs.gr, 1341
escuelainfantillaestrella.es, 1070
mobaj.net, 819
tiger.com, 607
nimtweb.org, 891
fortiveconnect.com, 496
beadsofbullets.com, 520
skapatech.io, 630
neodomaine.com, 640
smestorage.com, 500
samtulana.ru, 852
youbabyandi.com, 360
b3eshop.com, 693
gbtools.co.il, 849
leanfrogdigital.com, 587
watchworld-shop.com, 482
mutualofomaha-lifeinsurance.com, 565
edconsteel.com.au, 872
bergenbibliotek.no, 759
cenetrionline.org, 881
topband.com.cn, 1001
freedownloadsoft.net, 920
nrcncte.in, 564
adams1.com, 508
skyfold.com, 491
domains.com, 492
cloudate.net, 1302
classroomteacher.ca, 534
driversforum.net, 936
jeuxmots.com, 379
gut-heckenhof.de, 1071
bureau-va.com, 524
dominity.com, 1215
otivent.com, 1664
astroknowlogy.com, 1644
wiadomosci.olsztyn.pl, 2313
beach-property.com, 374
lwhnepal.com, 459
soleraservices.hu, 446
arkbark.net, 485
vinylrecorder.com, 1317
diamondtraffic.com, 958
beautyflash.co.uk, 649
sinn.no, 821
easygiga.com, 362
girdtechnologies.com, 378
solpeeling.com, 457
twincitiesgasprices.com, 368
viceincomics.com, 644
marshallmemo.com, 368
opovoo.com, 360
hdpics.co, 800
quotaguard.com, 356
gastarbajteri.com, 1308
danielco.com.hk, 648
internal.org, 488
matrixdata.es, 1143
009090.com, 495
07668.com, 537
lakesidelink.com, 714
admin.by, 1557
bruderleichtfuss.com, 515
kurshi.lv, 766
echo360.net, 406
tempauto.su, 1572
globysonline.com, 371
mdig.fr, 1462
tannerite.com, 517
herbalife.pt, 832
uds-net.co.jp, 1036
bilisimruzgari.com, 493
afbeeldinguploaden.nl, 510
wwiiimpressions.com, 608
artistsandart.org, 852
berlys.es, 503
plantandflowerinfo.com, 533
imrussia.org, 888
haustechnikverstehen.de, 761
qaronline.org, 1540
pukkainc.com, 361
mikamar.net, 354
riverraftinginrishikesh.com, 1253
koweziu.edu.pl, 1354
plantlife.org.uk, 896
networkhealth.com, 742
sumava.net, 1098
bizminer.com, 360
kraftwerkmuenchen.de, 1185
wasumasyo.com, 1120
medigames.com, 1306
paycartpro.com, 361
ospgaworzyce.pl, 1522
nhsd.org, 892
rainworx.com, 585
unofficialcardboard.com, 508
wydpt.com, 652
arriba-erlebnisbad.de, 767
xichen.com.mx, 1140
economics.kiev.ua, 3077
free-engineering-books.com, 794
hiroshimafuchu-aeonmall.com, 946
happyhomes.se, 840
glatt.com, 1430
boiler.ua, 1300
fizcult.by, 1597
sapkabereatki.com, 723
seasonwithspice.com, 373
researchnreports.com, 494
yokohama-web.net, 1040
notitie.me, 937
colocate.com.sv, 1080
sbtjapan.co.jp, 475
lonestarlearning.com, 357
awcda.ca, 924
londonpopups.com, 490
ia.gov.ae, 904
kapitan5o.tumblr.com, 360
mt.uz, 725
karupsmix.com, 357
reabit.org.ua, 1509
unikmetal.ru, 837
mombu.com, 725
ecbb.jp, 1006
pierrelechelle.com, 1011
ctsys.com, 359
itulip.com, 579
tonarineko.com, 1104
navi-gator.online, 1219
mybayshore.ca, 367
bistro-express.co.uk, 889
starmagichealing.com, 492
hungys.xyz, 509
rupkatha.com, 1296
baainbw.de, 766
world-of-pizza.de, 1294
takelink.ru, 798
fiui.org, 949
ijuyyasostory.blogspot.com, 910
garmentdistrict.nyc, 948
toko.edu.tw, 613
wwszip.pl, 658
modelmodelhair.com, 618
hameleon-market.ru, 836
chinesetodays.org, 634
gazetaderosario.com.br, 694
slyyebh120.com, 523
tianyantong.site, 748
inboundcommerce.com.br, 469
swypcard.com, 364
moralsensetest.com, 517
qualidea.jp, 922
sydneypoolstoday.com, 744
secop.com, 837
agiv.be, 812
guytrefler.com, 811
fivestargulfrentals.com, 1734
petiteteenagergalleries.com, 570
arctic-news.blogspot.com, 913
araon.by, 1574
iesjovellanos.com, 651
programmkino-ost.de, 769
fundyoursuccess.com, 492
islamosetia.ru, 793
mindd.org, 627
prokomp.ru, 1614
dixim.net, 415
lib-rary.com, 483
jaguarclubpoland.net, 645
comicstores.es, 936
mine.tech, 844
my2110.ru, 1501
nks.kent.sch.uk, 1223
porno-33.com, 575
starpbridis.lv, 3906
saturdayblitz.com, 372
findtutorsnearme.com, 2164
the-butcher-x.tumblr.com, 368
alexandras.gr, 678
baibaoyun.com, 1068
centrum.tmall.com, 3094
cma-cgm.co.kr, 532
spot-a-shop.fr, 899
in4wp.ru, 777
amautaspanish.com, 942
thehealthstore.ie, 1229
kaiscissors.com, 529
transfond.ro, 794
rcra.ca, 808
finallygrowinup.de, 1428
chikahyou.com, 1057
esseninternational.com, 1509
seo-london.org, 1205
interelgroup.com, 363
retirementmillionairedaily.com, 382
jobapplicationreview.com, 574
myalphawallet.gr, 639
ntrepidcorp.com, 493
meuresultado.com.br, 1271
tomar.sk, 759
zeroempathy.net, 734
jpjkpptest.com, 358
mrpoecrafthyde.com, 365
stellajoff.ru, 1503
grandavenue.com, 359
dabrigdeals.com, 780
futurist.se, 1540
quickaccesspopup.com, 574
wapzeek.com, 2757
zaojuzi.com, 1057
nkhagahi.com, 565
optimus01.co.za, 1600
wideshop.pl, 1442
juniane.fr, 1456
celular.pro.br, 680
blueantmedia.ca, 776
heino-cykler.dk, 2134
unicons.vn, 1065
frufruta.com.br, 1504
intp.org, 1228
iu.be, 1356
napsronline.org, 850
baharanschool.com, 657
www.ac, 630
yijia.com, 517
zasyaz.com, 473
dontlinkthis.net, 1153
nitijoublog.net, 2852
marine.cz, 1236
bobobobo.wordpress.com, 729
seikathuhogomanabou.com, 1116
askbaz.wordpress.com, 719
paradisoescape.com, 367
yung.cloud, 660
8mundo.com, 537
banjobrothers.com, 577
pneumaticaddict.com, 446
roadtogaminglinks.blogspot.in, 1165
materialarchiv.ch, 1287
sureapp.com, 507
mundialdownload.wordpress.com, 714
xsucht.com, 364
webcom.com.mx, 856
mlanet.org, 448
juegosdelogica.net, 1395
lfsturkmods.blogspot.com, 924
tcorolla.net, 1328
choeur-en-fete.com, 767
megalesbianporn.com, 361
meteorete.it, 492
happyhealthyco.com, 500
mental.ge, 1312
rang247.com, 1257
salesgeneration.ru, 1525
senatus.net, 1721
vistasystem.com, 483
underspy.org, 646
soundocean.co.kr, 1068
lcatherina.wordpress.com, 720
rinonline.it, 615
ahisd.net, 984
librarius.com, 1745
vacaville.ca.us, 806
dsb.edu.in, 767
kolbuszowa.pl, 778
kophyoit.blogspot.com, 915
sgstyleblog.com, 573
novinlib.com, 656
shuerke.tmall.com, 2913
tacklebawks.tumblr.com, 355
karibauer.com, 1110
minisuka.tv, 984
puffbbw.com, 651
mycertifiedservice.ca, 893
curveonline.co.uk, 637
newsofstjohn.com, 365
fiction-food.com, 489
innoobec.com, 376
amfellow.org, 1070
daehansinbo.com, 584
jack35.wordpress.com, 723
and-omron.ru, 1620
coleggwent.ac.uk, 2164
berlinasportivo.com, 674
clawdaddysnyc.com, 480
lichcraft.com, 2053
stationsbp.fr, 983
pasteldajane.com.br, 599
blocksixanalytics.com, 506
mac-interreg.org, 1043
webdicio.com, 513
moaser.ir, 1658
autoprivet.ru, 1603
proxyweb.net, 548
peptidesuk.com, 489
wearekiss.com, 1020
husataproom.com, 1120
gmbshair.com, 574
biografiacorta.blogspot.com.ar, 1484
dd24.net, 659
tozaifx.com, 933
bebes-avenue.com, 554
diarioriostrense.blogspot.com.br, 1321
7-eleven.co.kr, 1080
caravan-web.gr, 1303
habertrendi.com, 707
molitvy-bogu.ru, 3362
oise.com, 573
ubiwhere.com, 570
toon-ocean.com, 503
zeekeeinteractive.com, 384
aviationenglish.club, 817
finakom.de, 1443
megaitaliamedia.com, 605
professorfink.com, 487
clag.es, 859
coreldrawtips.com, 561
shepherdchurch.com, 569
reqexperts.com, 358
lwxs99.com, 653
creamermedia.co.za, 679
yota-store.ru, 780
fargerike.no, 820
siakkab.go.id, 711
aptrongurgaon.in, 519
productoilicito2.blogspot.co.uk, 1275
evercondo.com, 380
apex.world, 1336
naderarmian.persianblog.ir, 2073
robin-wood.co.uk, 1204
onethinginafrenchday.podbean.com, 1501
bisquetsobregon.com, 363
spsingla.com, 484
nagasakipeace.jp, 994
kinope.sk, 754
centurionrunning.com, 368
voyaldoc.com, 1046
trakyagumruk.gov.tr, 1705
bangedchickas.com, 658
lapoesiaelospirito.wordpress.com, 724
urbanministry.org, 721
azeroprint.com, 1276
halkidikinews.gr, 1194
anlx.net, 656
atv.org.vn, 1061
driversamsungbr.blogspot.com.br, 1338
karkonosze.pl, 819
oltv.ru, 783
cybersvbr.com, 368
rockymountainwesty.com, 487
deccancollegeofmedicalsciences.com, 450
ivcelarstvi.cz, 533
chado.com.tr, 924
teihensikaku.com, 1102
lucyelizabeth.tumblr.com, 1390
pezop.com, 574
gusp.org, 901
ankiya.info, 866
soperth.com.au, 528
asbworks.com, 485
ewathiq.com, 366
betflicks.com, 365
foment.com, 565
polesno.com, 494
minauri.com, 484
ashenatech.com, 371
raskraski-dlya-malchikov.ru, 830
designjob.co.kr, 1056
wasd.jp, 533
mccainindia.com, 1116
stgermain.fr, 1201
stella-polaris.dk, 2113
giftwithlove.net, 1197
realguys83.tumblr.com, 370
cpma.it, 2139
plumchoice.com, 364
osmiowater.co.uk, 1663
lazaloshop.com, 1230
carouselbuffet.com.sg, 492
mobilkamu.com, 506
axiscades.com, 1093
asalmasood.ir, 2055
omron.ru, 1008
manuolog.ru, 778
humansite.net, 690
mylene.be, 1385
zhaoxunlei.cn, 889
xe-buyt.com, 366
customco.com, 603
rizkallaco.com, 2195
agaram.in, 518
tojeto.info, 534
targetinginspector.com, 1834
torandj.co, 1104
clipartbro.com, 509
rad-lager.de, 1447
volvocars.be, 1375
mylocalreviewsite.com, 506
gamerun.org, 650
kelloggs.tmall.com, 2898
madcityoutdoor.com, 369
escrivaobras.org, 629
ntoultimate.com.br, 680
demotyvacijos.lt, 824
mountcart.com, 494
englishnumber.com, 921
chefs-academy.com, 671
respondcms.com, 554
vendimob.pl, 1389
azoffroading.com, 553
littersf.com, 574
pasekandpaul.com, 492
balletnews.info, 721
fontanes.eu, 4378
seidonet.com, 579
sgmeet.com, 610
yavilevich.com, 355
teamventure.org, 664
renthome.ru, 848
spellenhuis.nl, 1531
ghadimiya.rozblog.com, 381
shez-a-bitch.tumblr.com, 360
ccidgroup.com, 528
fondani.it, 1884
imgsoo.net, 574
3kiwi.pl, 1434
libreriaisef.com.mx, 651
fotkica.com, 385
pakanbazr.com, 669
routers.in.ua, 881
sysklive.com, 914
firstproinc.com, 619
bhushanpowersteel.com, 1603
smestaj.me, 3962
studiotheatre.sharepoint.com, 3455
sellmycar-wecometoyou.co.uk, 888
ultimatemetart.com, 517
whiskyandtinder.com, 371
dotapod.com, 366
cellclinic.ca, 740
ophirpalmon.com, 566
flusskreuzfahrtberater.de, 919
jmhdezhdez.com, 675
esperanzafelina.com, 1201
online-fizetes-magyarul.info, 558
employeesonlynyc.com, 570
hot8brassband.com, 365
seevividly.com, 359
liveindia18.com, 365
podya.com, 483
tenvinilo.mx, 1080
raymondcustomtailoring.com, 517
passportes.com, 494
jobwonk.com, 769
tabulo.nl, 2139
kgpbz.ru, 799
burdickchocolate.com, 372
piplz.ru, 1555
beetouched.com, 523
jestov.net, 408
davidickestore.com, 368
powr-flite.com, 517
ymasr.com, 514
nmslabs.com, 571
mediacentershop.nl, 802
thelastmailer.com, 573
productjack.com, 1028
fuckbookhookups.com, 513
tukios.com, 515
uxofvr.com, 369
anintran.com, 541
christiansfitnessfactory.com, 493
volcano-club.com, 368
elbrusworldrace.com, 1512
vivienne.com.ua, 2532
cip-service.com, 1562
pixvi.net, 1560
myteentv.com, 363
end.de, 470
alertline.com, 515
farline.net, 698
a-ocp.org, 1988
upsmoments.tumblr.com, 361
aofsinav.org, 641
rockymountaincockerrescue.org, 906
panmais.com.br, 1110
b4umedia.in, 2649
usdbriefs.com, 521
capitris.hu, 1111
rediscoverthe80s.com, 491
iluv.com, 570
in4mo.net, 365
mapskachat.ru, 1446
gobehindthescenery.com.au, 528
hungchun.com, 366
balluun.com, 530
160m.net, 985
huiyouke.com, 2146
doujinshis-pdb.blogspot.com.es, 1140
cross-currents.com, 380
feeder.ro, 787
mayora.com, 588
semparuthi.com, 372
mediusa.com, 715
genzel.ca, 946
deliciousbaby.com, 557
talleres.me, 951
steel4alivin.com, 507
byuanov-ed.ru, 780
tommaitland.net, 741
bitcoinvanitygen.com, 493
millicumhuriyet.com, 650
tinyatdragon.com, 366
logizard.co.jp, 476
packtowl.com, 365
lutherlevy.com, 564
scn4u.com, 550
bundysoft.com, 500
kadinlopedi.com, 514
sckg.com, 1037
seo-aspirant.ru, 1498
nikkenlatam.com, 490
skiwelt.at, 1404
subsurfwiki.org, 1050
littlelimpstiff14u2.tumblr.com, 370
trendme.net, 2121
thetastycravings.com, 373
massandrashop.ru, 1480
regosearch.com, 782
gonesh.com, 364
worldcretornica.com, 503
blundells.com, 1114
salamanca-university.org, 856
talkingtables.co.uk, 897
hrscene.com, 1183
malayalamlyricss.blogspot.in, 1160
fatbirder.com, 545
mazdapartswebstore.com, 497
eletej.com, 744
collegefootballplayoff.com, 567
nagasawa-clinic.jp, 1078
benjifarmer.com, 493
cubalan.com, 1019
freetradingalerts.com, 461
landrover.sk, 1253
simulinkpaper.com, 505
juegacarros.com, 364
next.om, 1159
maestrasjardineras2014.blogspot.com.ar, 1498
ebey.com, 489
winusb.net, 1688
urbanaillinois.us, 893
iea-ras.ru, 779
teatrarmii.ru, 793
consvi.it, 1187
emesa.com, 1359
namu-ro.com, 1306
tsunagaru.biz, 885
vivoboty.cz, 1513
benchmarkhq.ru, 784
powerhousebooks.com, 521
prescripciondeejercicio.com, 651
cie.com.mx, 696
nieuwsgrazer.nl, 441
venmar.ca, 819
7ya-market.ru, 806
comic-store.ru, 796
huilanyujia.com, 539
vespaforum.com, 1027
underthetoe.com, 758
ghiorzi.org, 1013
healthfullyeverafter.co, 763
webnet77.net, 362
mckenziesfoods.com.au, 291
akfoodequipments.com, 1309
store360.ir, 1645
poipocket.com, 664
keyeast.co.kr, 1168
packingmysuitcase.com, 559
mundolivrefm.com.br, 976
powerpartners.ru, 2199
eklientmetlife.pl, 1285
vhpharmsci.com, 613
iphonescafe.com, 1112
elisakits.cn, 985
hkgyo.com, 1061
bulimiahelp.org, 624
pasqualinonet.com.ar, 1222
deejo.fr, 2283
itas-dannunzio.it, 1883
tsikass.com, 525
campingitalia.it, 653
belgranocordoba.com, 574
thebreathcontrolnetwork.com, 648
tatell.jp, 560
uci.org, 630
bacninhland.com.vn, 1034
porntubebase.com, 657
penguintraders.com, 570
drugoy.net, 1466
portdesigns.com, 362
islamlib.com, 1135
hitchinlavender.com, 489
barryt.ca, 327
loulouboutiques.com, 488
visbiome.myshopify.com, 714
teamvoy.com, 487
risu.com.br, 2454
mroadmin.com, 491
motemenstec.com, 1063
dynamit.com, 524
laxtore.com, 1450
dotconferences.com, 369
cologne-in.de, 1306
liveskateboardmedia.com, 1014
s4b.ru, 1596
magiconfit.ru, 1626
upnp.org, 886
brandkonnection.com, 493
nationalhardwareshow.com, 1128
thegaragehk.com, 492
fealcasoluciones.com, 555
infographiclist.com, 1278
tranza.com, 522
corvisa.it, 911
summittools.com, 502
oregonsd.org, 1031
hige-nayami.net, 514
newzviewz.com, 545
freerpgonline.net, 823
pictures-magic.ru, 865
paradisecopters.com, 366
floridacoastalhomesearch.com, 370
babywhispererforums.com, 587
newinterviewquestions.com, 2774
open-air-kino.ch, 740
imperija.com, 1344
vaporizerusa.net, 940
kanazawa-museum.jp, 540
aquadocpoolclinic.com, 1124
whatsred.com, 526
ltdpetropol.ru, 843
longboardy.pl, 1430
flyksa.com, 565
simotakaido-latour.com, 1198
skutt.com, 370
vivalafarandula.com, 369
studiobookr.com, 368
meetaphotographer.com, 363
actingstudiochicago.com, 580
flycemair.co.za, 1597
geschaut.com, 675
tierwelt.ch, 1475
techtrendsng.com, 642
fzzz.ba, 461
mycentra.ru, 846
kreativmanufaktur.bayern, 872
auway.net, 588
promagindustries.com, 530
furrydakimakura.com, 485
igloomag.com, 357
onlyasianguys.com, 566
zwemwater.nl, 525
sonsofpitchesfc.com, 523
abrimagery.com, 396
interni.su, 3821
ilkinmanafov.com, 572
surfaccounts.com, 361
trinitydesktop.org, 1044
papeldeparededosanos70.com, 1616
schulkreis.de, 1439
crazymedias.com, 526
forumbwin.com, 499
nsbdc.org, 819
radioactivity.eu.com, 1870
assistenciaseautorizadas.com.br, 674
cookeda.com, 1497
teachercharlotte.blogspot.fr, 1558
ugm.com.mx, 784
taavon-ins.ir, 924
muaythaisangha.com, 483
maricoapps.biz, 1989
apna.tv, 742
lonestarchevrolet.com, 529
extraordinaryweekends.com, 369
auto-thailand.com, 573
chatachleb.sk, 757
aaronline.org, 899
hermitageart.com, 594
ddnews.gov.in, 933
ind-distribution.com, 519
kazu-no-upnote.com, 1130
fixrunner.com, 373
sancharam2015.blogspot.in, 1207
promocodelove.com, 369
pix-theme.com, 509
interiorsbystudiom.com, 368
esmedya.com.tr, 973
pirc.pl, 769
netchexonline.com, 523
trbble.com, 683
performancebay.com, 374
themeatandwineco.com, 364
tianchengxiang.tmall.com, 3094
novinbuy.com, 518
877stockcar.com, 730
anunturiimobiliare.ro, 795
ismk.org, 853
gaiamagic.com, 499
wodecaism.tmall.com, 2907
stringtemplate.org, 1062
wako-chemicals.de, 1093
ecos.com, 550
bccindonesia.co, 949
tenereclub.com.br, 696
omeglesiteslike.com, 459
bluedata.com, 708
job-interview.net, 1180
burgen-und-schloesser.net, 1352
bradleyallenlove.com.au, 1212
pydub.com, 551
podgik-poznan.pl, 877
do16ti.ru, 795
celmaibuntop.ro, 827
conversionsurf.com, 505
yokohamakyoryu.jp, 985
fachpack.de, 815
cuestionentrerriana.com.ar, 1842
escaper.co.il, 1684
intelliantech.com, 607
optimedia.com.ro, 778
blogus123.com, 394
colab.gov.vn, 1051
metalloiskateli.com.ua, 1274
ansals.com, 1025
fest.edu.br, 985
objetivocupcake.com, 575
educlasse.ch, 2164
casasbuin.cl, 3630
vedom.ru, 2319
tamadrum.co.jp, 539
usanmarcos.ac.cr, 499
hgc.ch, 707
tk-shibuya.com, 868
lenoblzaks.ru, 785
bicycle-eyes.com, 1186
kubik-rubiks.blogspot.ru, 1479
anangcozz.com, 359
atitudini.com, 1452
sexnerd.tumblr.com, 356
shng.cn, 965
sportfood-center.com, 1030
webvisitors.net, 1555
model3d.biz, 1163
sarpn.org, 471
iafastro.org, 1408
magsales.ru, 8270
cadwork.com, 1409
adbrite.com, 506
vantechatugi.com, 1063
think3dprint3d.com, 373
cvastro.com, 375
akademout.ru, 808
salary.com.au, 518
wmmotor.pl, 663
tagboardeffects.blogspot.com.au, 1161
coacheloquence.com, 1312
agora.com.vc, 509
fruitstresser.net, 1054
amad85.com, 1807
51img1.com, 1088
greatdreamers.sinaapp.com, 3894
kawanishikaban.com, 481
netmail.com, 488
180.ir, 1422
aipker.com, 524
lsdatcaa.com, 1200
verizondigitalmedia.net, 362
yosoynoticia.es, 1144
thesexybrutalegame.com, 490
nahverkehr-schwerin.de, 766
fastricambi.it, 1435
riphahfsd.edu.pk, 765
newgradiance.com, 582
diot.com, 1303
sp-klub.ru, 1600
pixability.com, 513
oos.ru, 786
tedwise.com, 564
vanillapink3113.blogspot.my, 1246
2bas.nl, 501
finalyse.com, 1277
tomcatbrand.com, 360
dj-wl.blogspot.com, 920
haymarketlink.com, 364
securitiesce.com, 354
transportesrober.com, 1102
quadrasistemi.com, 677
lubimkamni.ru, 1578
cpplay.com, 1084
magicalement.fr, 1178
huntsville-isd.org, 899
tutorialbd.com, 520
marondecor.ir, 1771
cardmavin.com, 559
pushingrubberdownhill.com, 367
artikus.org, 1288
shopidc.com, 516
nordictreats.es, 1034
doikas.com, 372
crd.com, 370
xn----8sbgbcivhwqobbqhplg.xn--p1ai, 1496
planeta-b.ru, 1504
lithographix.com, 367
limswork.com, 549
vapeshopbrighton.co.uk, 740
strapharm.fr, 1457
cbaa.org.au, 518
chrisnesi.com, 586
nhewet2.tumblr.com, 370
easy2name.com, 514
vinylsickness.com, 450
bunnyapproved.com, 508
picszone.net, 678
shirkphotography.com, 364
silvar.org, 962
astro-talks.ru, 878
ezzatbaroudi.wordpress.com, 721
ninjafutures.ru, 798
sim-mvno.xyz, 900
taotv.org, 1035
123kinect.com, 363
overview.no, 1298
bragelonne.fr, 1458
antina.jp, 528
dapperfinery.com, 490
todaspalabras.com, 363
irizar.com, 1121
chghealthcare.com, 511
fusionbox.com, 566
picsteenporn.com, 674
wingwave.com, 560
realorfake3d.com, 454
mediamanual.at, 441
idemi.org, 896
jennaburlingham.com, 490
genoa-qol.com, 504
viperrecordings.co.uk, 888
lojabibitatto.com.br, 1010
trumachealthcare.net, 961
northconcepts.com, 521
solarconfigurator.de, 861
nesono.com, 367
dianlancg.com, 569
thehostages.wordpress.com, 719
techshells.com, 459
newissuesmagazine.com, 485
sepantamehr.com, 2004
precision-elec.com, 361
ergatiki.gr, 1404
weblogyou.pt, 3457
jjroofingsupplies.co.uk, 644
makita.com, 594
somoseset.com, 517
schoenstricken.de, 1384
vlsiencyclopedia.com, 491
nira.or.jp, 479
thornhvac.co.uk, 985
adulte-surdoue.fr, 1347
dibuxo.com, 366
tommie.co.uk, 654
coneixercanals.com, 672
all4car.com.ua, 843
nalpcanada.com, 372
o-samare.ru, 1619
phpbbitalia.net, 1928
tenec.cc, 922
imgdumper.nl, 443
travelineeastanglia.org.uk, 652
tikbooks.com, 663
randombio.com, 527
xxlgamer.com, 367
prestonfield.com, 558
targetdeal.ro, 908
athreon.com, 496
bk-teknik.dk, 815
getnetset.com, 536
maranki.com, 363
lariojafolklore.blogspot.com.ar, 1460
stbruno.ca, 371
deadlydymes.com, 490
stirkauborka.ru, 784
reservesecure.com, 798
posovetik.ru, 2530
revolucaodoemagrecimento.com.br, 674
lalaport-shinmisato.com, 367
bolandcollege.com, 488
moblefilon.com, 744
unwaveringfaith.win, 808
neilbarrett.jp, 469
ftploy.com, 362
modernbazaar.co.in, 520
dostgame.com, 366
bandeira1.com.br, 635
onesourceuniversity.com, 508
somelikeitfat.com, 537
ufjf.edu.br, 1265
media-box.ne.jp, 1077
aaayun.sinaapp.com, 1302
batterybay.net, 1171
northwestfront.org, 2472
minelab.com.ru, 3427
7-11shop.com, 1175
sdc2017.com, 520
jman.tv, 644
course-vertigo.org, 1784
ambanimation.com, 2115
serveur-occasion.com, 556
thestartupmag.com, 628
saiwebtel.net, 514
nottinghamshirehealthcare.nhs.uk, 1513
houstonburglaralarmpermits.org, 1005
acappella.org, 2695
komiyama.me, 4867
montessori-france.asso.fr, 1475
chatcoil.com, 566
ping-pong.cz, 542
girlsnightinclub.com, 360
wsh7324.tumblr.com, 359
fhtr.ru, 1431
siser.com, 662
nfplaw.org.au, 597
dorealwork.com, 2133
autmo.ee, 757
henaturist.net, 1019
expressuebersetzer.com, 542
spcdavao.edu.ph, 4417
unipd-centrodirittiumani.it, 605
designinginterfaces.com, 573
bookmygarage.com, 514
tungshin.com.my, 716
nfecaraguatatuba.com.br, 652
srigranth.org, 644
burvin.by, 834
deriveapprodi.org, 1876
hart.gov.uk, 2173
anderswelt-import.eu, 1379
delhidental.com, 572
bikeadventure.pl, 2229
psarema.net, 413
ses-imagotag.com, 1030
jtp.com.ua, 905
medelec.com.mt, 793
boardgame-blog.com, 2276
rails365.net, 2870
zanghuage.xyz, 660
250gj.com, 536
folheto.net, 575
tagfind.ru, 784
justbottomscumming.tumblr.com, 360
ai-banks.com, 369
nairobitamu.com, 1038
ligoo.ch, 2178
madrobotminiatures.com, 2344
sistemaspaez.com, 1963
greenfieldsavings.com, 503
cifstate.org, 456
newmovies.net, 1667
phayao.go.th, 518
xtramaster.com, 365
statistik-forum.de, 1410
commonshotel.com, 1150
raovatmienphi.org, 633
glockparts.com, 531
xxxboard.org, 890
laughspin.com, 373
odnetwork.org, 790
nuis.co.il, 858
dartford.gov.uk, 5009
seatcover.jp, 1078
siteperso.net, 757
auch-tourisme.com, 1311
intragujdiploma.nic.in, 475
forrefs.de, 833
businessjournaldaily.com, 1627
xn--fiq85he02a7l7a.com, 1122
poppulo.com, 499
intojob.co.kr, 515
hpiquote.net, 1122
libertytickets.us, 502
racismoambiental.net.br, 684
xpand.com.au, 745
etricks.fr, 1477
aisberg.com, 696
epiphany29.com, 361
greatlakesmix.com, 362
bmrf.org, 483
audicoralsprings.com, 504
hartspot13.tumblr.com, 368
showbyrock.com, 948
cegepmontpetit.ca, 306
gundari.info, 502
plusfm.net, 658
midhobby.dk, 2669
bbhandel.de, 855
ferresegur.es, 826
lecampanier.com, 506
teachtrainlove.com, 367
xn--u9j923hngbzlt43c.com, 1085
bigtitsporn.pics, 508
vdb-loi.com, 366
thecanvasworks.ie, 729
leahcleary.com, 886
clevelandgasprices.com, 371
ten-ei.co.jp, 1012
kilinochchimedia.com, 702
musictodiefor.wordpress.com, 726
yiqiwan78.com, 514
netgazetesi.net, 1028
moshaveranrahnama.persianblog.ir, 913
iq007.ru, 2032
societegenerale.com.gh, 2570
momingvideo.com, 381
typingsolution.com, 558
dubuy.dk, 2135
ordinateur-occasion.com, 653
millteksport.org, 465
pahklack.org, 1202
congresonacionalindigena.org, 729
dipe.co.uk, 639
gregegan.net, 866
ciberconceito.com, 931
shahrak-arash.com, 752
bulbsdirect.com, 362
budongsannara.co.kr, 530
wiredata.com, 505
dietando.it, 3507
shipmoney.com, 480
konecranes1-my.sharepoint.com, 4013
blugento.ro, 1055
rainbird.it, 1417
logicinvoice.com, 583
gunsofboom.com, 364
americanherbalistsguild.com, 362
elitesignal.com, 2792
thereader.co.in, 2126
myrecdept.com, 621
katherine.pl, 562
anandvardhan7.wordpress.com, 740
asauto.com, 1299
gogiftkart.com, 356
dreamusic.co.jp, 476
gracoargentina.com.ar, 1172
hardrockhaven.net, 895
pengajianmalaysiaikmtsya.blogspot.my, 1233
clubnet.org.uk, 1017
focuspointeglobal.com, 457
calendarin.net, 1313
tawasolnet.net, 974
tuigarden.co.nz, 838
hansnara.pe.kr, 1033
grupoconcesur.es, 820
thenewpaperclip.com, 562
colegiobebecas.webnode.com, 4795
deercv.com, 587
trubainstitute.ac.in, 766
kolomnagrad.ru, 1522
soundlightup.com, 361
jjwxc.cn, 975
mamulki.pl, 817
citygram.ir, 3586
aare.pri.ee, 928
gencaystar.com.tr, 1602
porro.com, 514
incodom.kr, 1090
myvirginkitchen.com, 791
mymcpnews.com, 487
polechudes.tv, 506
gartenhaus.de, 842
egertorg.ru, 1543
console-forum.net, 670
avtoliga.ru, 805
jot.de, 2757
block-gbi.ru, 791
teakip.tumblr.com, 375
avvocatipalermo.it, 1292
utahwebdesignpros.com, 1088
medycynatropikalna.pl, 1587
isspilimbergo.it, 1903
xcelaerospace.com, 1012
d-linklx.tmall.com, 2934
olfeo.com, 1274
eaquals.org, 900
hyundai-avilon.ru, 792
friendlykia.com, 372
candlechartsacademy.com, 567
relojes.fit, 1203
gabostak.tumblr.com, 353
carnet.ink, 593
fashioninteriors.co.uk, 467
bibliondemand.com, 626
fleamarketzone.com, 1132
fanavari.com, 360
rachelboutique.com, 588
geek-kb.com, 1523
root.ir, 919
stb-boesch.at, 440
artscad.com, 368
pcgamesgratiz.blogspot.mx, 2278
consolekabels.be, 1003
c10mt.com, 362
indh.cl, 2048
trstena.sk, 741
dsportmag.3dcartstores.com, 533
sedagroup.com.au, 542
emgrand-club.org, 645
mindfulminutes.com, 364
esarj.com, 507
marlboro.ru, 1123
daikodenshi.jp, 1192
yado.tk, 878
sentesoftware.co.uk, 885
e-kogal.com, 1167
edutech.com, 1145
idealbody.nl, 1083
pargames.ru, 773
telebest.gr, 1244
labfolder.com, 521
juissi.fi, 1029
mediacoop.ca, 337
rhema.org.br, 678
fundacionenmovimiento.org.mx, 1326
ican-education.com, 506
computinged.wordpress.com, 736
cruisespecialists.com, 521
aliner.com, 611
sacarforni.net, 1228
jauriamag.com, 513
tech-kawasaki.jp, 739
wuha.in, 1272
yijiakan.com, 365
barelytherebeauty.com, 496
cloudypk.com, 368
clickofficeshop.it, 1274
shopstarship.com, 374
pretmembers.co.za, 1448
snhosting.dk, 808
badslava.com, 461
gegad.com, 1333
worklad.co.uk, 637
8bitavenue.com, 533
henriquelistakodi.weebly.com, 1018
thedaringway.com, 364
friendsmatrimony.com, 499
centralgaminghub.com, 366
savethewaves.org, 634
mandarin-mebel.com.ua, 1509
iexpertadvisor.com, 487
irentshare.com, 514
loankiso.com, 1118
munrosonic.com, 636
bitoproduccions.com, 1369
go-pusat.co.id, 901
petit-bateau.com, 642
revistacristina.com, 1346
capitolhilltimes.com, 495
avec.org.ve, 849
duke8888.wordpress.com, 717
kxlh.com, 536
lfvip.ru, 805
usw.org, 451
richesforrags.tumblr.com, 358
aoya-hk.com, 1051
shakerali.blogfa.com, 359
ninefar.com, 475
carolinaeasthealth.com, 483
moosehillock.com, 368
fescue.com, 1141
hubbelllighting.com, 603
gomaabura.jp, 1504
bloomnet.pl, 1591
valuerate.ru, 1404
comfortbaby.com, 1453
mail-dream.com, 1136
buyuksivas.com, 374
countryside.co.uk, 921
creative360.co, 1446
teejeetech.in, 516
wakoopa.com, 515
thedollop.net, 1210
adipso.fr, 1367
thesoftware.ir, 1581
mrkdrama.com, 498
kanos.com.ua, 1640
m-ms.jp, 917
aksayland.ru, 820
optitable.com, 371
remontgruzovik.ru, 1498
tgwerewolf.com, 363
aveneca.com, 560
mywikilocal.com, 487
retire29.com, 518
cadcamguru.com, 565
filez.in, 544
scubedonline.co.za, 765
uprnn.co.in, 720
redlights.nl, 598
qiqici.com, 535
music-editor.net, 1759
uhdtv24.blogspot.com, 912
zonifyapp.com, 559
blc4u.com, 375
studio100fan.eu, 1154
imexporter.jp, 557
nemsis.org, 452
laptop123.vn, 445
oceade.be, 735
xitxt.net, 880
easyxl-bilder.de, 1396
be-smart.ch, 1001
pixelsinfotech.com, 487
shahginfo.net, 1221
ashita-lab.jp, 576
whosthemummy.co.uk, 926
reussirmapaces.fr, 897
infraserv.com, 357
dallasaquatics.org, 905
kpnparcel.com, 567
actiwork.it, 1269
nekopajamas.net, 932
yidianqian.com, 535
geod.hu, 447
asian-accessory.com, 577
juergenhoeller.com, 369
indiegetup.com, 375
stroki.net, 1346
ash.nl, 558
evanhealy.com, 374
libyan-kitchen.com, 1910
leader-plomberie.com, 1301
ktv-ravne.net, 1293
stoswaldsuk.org, 1002
daewoo.cl, 1932
jinnybeyer.com, 357
straightbourbon.com, 361
maternidadecolorida.com.br, 673
aminhadieta.com, 372
lefier.nl, 449
text-txt.com, 1577
leeoskar.com, 880
tashel.gov.bt, 578
skachat-dlya-cs.ru, 1475
planowaniekuchni.pl, 757
jesus-christus-erloesungsweg-zum-ewigen-leben.de, 786
igroteka.club, 558
dates-soldes.net, 726
vigeyegpms.in, 732
ralphgracie.com, 368
web171.jp, 577
magazinulasim.com, 1439
ellesees.net, 830
300dollardatarecovery.com, 598
maceioshopping.com, 381
bigescapegames.com, 385
granitegrok.com, 787
ccfe.ac.uk, 2150
mystarmedia.com, 580
freezenet.ca, 726
cs-dopravak.cz, 537
tutoriels-video.fr, 912
bowlegsnomore.com, 449
desaininterior.me, 1060
webmatters.net, 666
mirth.com, 518
telezonepk.com, 363
gpuworld.net, 1074
armat.cz, 530
kattee.com, 517
kwikmed.com, 536
ebs-zabkowicesl.pl, 785
fckazanka.ru, 855
gxzf.gov.cn, 960
samara-clad.ru, 1364
hanazono.ac.jp, 550
gmarch0.com, 1120
oirt.info, 887
webgriffe.com, 377
uca.ac.cr, 957
nautibarcos.com, 504
roof-online.squarespace.com, 490
emspay.eu, 1261
lespass.fr, 1420
nikkowuxi.com, 527
freelancer.co.it, 955
young-lesbian.com, 377
internationalpolicybrief.org, 904
xikulu.com, 593
qbichotels.com, 364
tendskin.com, 609
beautyfindings.com, 536
gharelunuskhe.com, 378
nonsymbolic.org, 852
tohri-i.com, 1113
nooremadinah.net, 986
angular-gantt.com, 364
mpa.org, 624
novinpooshesh.com, 586
yunikavision.jp, 550
maxs-sport.com, 554
targimot.com, 505
igod.tw, 661
mdhsoficial.blogspot.com.br, 1360
customwallpaper.net.au, 531
nihilist.li, 675
standardplumbing.com, 492
rvawningsmart.com, 373
accademialecce.it, 651
rom-welten.de, 737
xn--iphignie-f1a.com, 1019
sterlingandstone.net, 359
capitolchevysj.com, 486
e-santoni.org, 1855
estrategiasdeaprendizaje.com, 552
londonspermbank.com, 1022
mo-hr.com, 505
365thingssouthshore.com, 516
sledovanietv.sk, 1102
uai.ac.nz, 912
hanacomputer.co.kr, 1189
hucke.net, 678
clavierarabes.com, 369
serio.jp, 473
uw3c.com, 530
esoyu.com, 1037
blu-raymovietorrents.blogspot.in, 1197
indiesquare.me, 854
is4k.es, 1032
eozaudio.com, 582
sundrug-group-kyujin.net, 426
zmz.ru, 786
hedbergaggregates.com, 486
photofast.com.tw, 1307
agipronews.it, 496
fivespotgreenliving.com, 370
monkcms.com, 418
kinhdoanhcafe.com, 487
riverbendtf.com, 354
commshakes.org, 898
phoenixbats.com, 491
bestindiandeals.net, 1203
immigration-usa.com, 672
exaa.at, 597
rafako.com.pl, 1290
dodublin.ie, 1237
soccerzoneusa.com, 363
carnivalsource.com, 481
ugtt.org.tn, 2680
descargas-mundoanime.blogspot.mx, 1524
wantoo.io, 686
esdi.gr, 1084
techadv.com.au, 631
tectum-verlag.de, 1400
autostan.kz, 747
nhacchoviet.vn, 435
flexkom.com, 1332
techconfigurations.com, 365
eifelzeitung.de, 768
sundog-soft.com, 500
daschool.org, 901
salesianonatal.com.br, 474
thevig.us, 705
masterslair.com, 368
bestdestinbeachhouserental.com, 496
letechs.com, 496
uniportdatacenter.net, 366
safelink4u.blogspot.co.id, 2376
redicecreations.com, 651
narutogdr.it, 1897
ahang-jadid.blog.ir, 1773
cdhuaying.com, 526
aquatropic.uz, 1543
farmaciacarol.com, 489
ontariocup.ca, 766
datchnik.ru, 1437
jccjournal.org, 866
texdesign.ru, 2318
keremerkan.net, 744
usadance.org, 811
mutsondakika.net, 708
gazzettadasti.it, 1261
auguriebigliettigratis.it, 1871
sport2000.at, 1282
performancemedia.pl, 1434
drevotrust.cz, 544
khalidalnajjar.com, 367
scholarly-journals.com, 366
4fstore.com, 1121
bespinglobal.com, 1114
my-asian.fr, 1456
hotels-sarlat-perigord.com, 1287
enreparaciones.com.ar, 845
jausaslegal.com, 364
nsusharks.com, 1122
cizihoo.com, 520
pucl.org, 787
dangtrinh.com, 972
nobodysuspectsthebutterfly.tumblr.com, 357
awong.co.uk, 633
fiepbulletin.net, 1448
goodlook.jp, 519
urologygroup.com, 481
catthailand.com, 514
collegecourtreport.com, 537
secretguard.org, 590
silverlakeresort.com, 911
stragier.com, 360
naiu.org.ua, 1178
e-pardaz.com, 731
pbwiki.com, 513
stafix.co.za, 2339
lascoford.com, 490
seastriper.com, 367
juliangarnier.com, 1015
petsedicas.com, 493
discover.org.au, 821
birkenhof-brennerei.de, 761
icon.com.vn, 469
haloreality.sk, 746
sarawat.com.sa, 1810
travel178.blogspot.com, 906
deblorentzphoto.com, 869
ucsdcloud-my.sharepoint.com, 4058
mlnlms.com, 489
site2max.ru, 1434
theperspective.org, 786
chilewebeo.com, 1267
gkd-re.de, 1302
bbrmodels.it, 629
yourlawyer.com, 365
thefamilydriveintheatre.com, 575
adultsexstore.com.au, 820
veganstore.cz, 236
totalmerchantservices.com, 512
book530.com, 506
reidreviews.com, 577
askent.ru, 1615
kobe-marathon.net, 1038
shpa.org.au, 333
sbogom.kiev.ua, 1588
pangea.me, 1186
ostusa.com, 498
uprawa.ru, 808
he-jing.com, 596
maomaodj.com, 1037
blindparts.com, 605
tevalife.com, 499
trabantwelt.de, 848
cecelia.com.au, 166
popmagz.com, 728
corpgenie.com, 521
fssm.pl, 760
izquierda-unida.es, 1077
cenovamapa.cz, 546
seolit.ru, 808
barisdogan.com.tr, 1500
suru.lt, 708
dekaresearch.com, 655
thisisyox.com, 359
mavioyunlar.com, 362
lovejessy.com, 2565
eticasgr.it, 1869
shopcostello.com, 611
encoline.de, 779
bmflfootball.com, 663
mtzveles.ru, 799
asat.org.il, 1996
jbsoftware.de, 763
neriyakanaya.jp, 470
cyahi.com, 493
sctrade.com, 496
mmnacoop.com, 535
passionbeaute.fr, 2687
hydraulicsonline.com, 1026
vetorial.net, 1408
qm-animation.com, 531
capellopoint.it, 610
ost.co.kr, 804
serverstack.com, 640
maxexpansion.com, 490
bluestarfam.org, 637
studienreisen.de, 1466
spanksafe.com, 556
harianaceh.co.id, 1838
bttf-bg.com, 779
allstocker.com, 507
herohealthroom.com, 866
zhangyuefeng1983.blog.163.com, 668
translancer.net, 732
dukon.ru, 1261
mecity.tmall.com, 3087
workcollabo.com, 513
c-watch.co.jp, 1018
gleneagles.hk, 408
allfishinggames.ru, 1490
theweblist.net, 1204
kidsch.co.kr, 693
urban.co.uk, 939
bxh.vn, 445
indexmoscow.ru, 801
filmpornofm.com, 369
footballove.it, 1328
helahel.com, 554
mewat.gov.in, 1380
anti-shum.ru, 797
illo.tv, 511
giordano.it, 1269
promote-wie.com, 520
khyam.co.uk, 464
kuwaittourism.com, 1318
e-bices.org, 953
ilovetowatchyouplay.com, 493
golfran.com.br, 882
kubocchannel.com, 954
saratogahospital.org, 452
mobeventpro.com, 1292
flymangotravel.com, 357
dreamlovewallpapers.com, 780
pondokislami.com, 452
lewistownsentinel.com, 519
ezchance.com.tw, 824
inprofteh.com.ua, 921
beseh-rohani.ir, 932
dom-enota.ru, 1577
skh.com, 928
mybeautymart.com, 536
healthcarecommunication.com, 580
afo.gr, 1197
woodworkers.com.au, 886
speedymarks.com, 1403
tetyushy.ru, 1475
specialdeal.gr, 1283
shopsugarbabies.com, 354
123marketingtips.com, 656
elitnoe.ru, 814
goodspine.org, 1145
fashionette.it, 946
bbcpictures.co.uk, 819
fhautism.com, 576
calls.su, 2390
medevnet.com, 507
sbtur.com, 519
stupendousbananaengineer.tumblr.com, 361
emozioniimmaginieparole.altervista.org, 661
freetorpedo.com, 1239
reticulacard.com, 1320
newadblock.com, 1045
efapel.pt, 443
gruposdm.com, 677
bigcattracks.com, 494
u-new.jp, 1684
pcipolicyportal.com, 362
siamklongfilm.com, 489
tasseltoppers.com, 361
media9school.com, 372
daimei-tusan.co.jp, 1046
massgainsource.com, 565
devttys0.com, 497
sanxingelectric.com, 546
99do.co.kr, 1083
mustachetrading.myshopify.com, 733
macsbug.wordpress.com, 738
1-hosting.net, 713
theovernight.org, 629
smartphonetrainingcourses.com, 549
epac.it, 1861
napgamemobile.com, 975
mondialproteine.com, 1281
canvas.io, 880
veriteperdue.wordpress.com, 717
dsir.gov.in, 927
sulphuric-acid.com, 919
australiasnorthwest.com, 769
marinbet.com, 581
amway.com.pa, 1065
curlbuilder.com, 364
mohammadaemmi.blogfa.com, 371
30r.biz, 1267
telugustream.com, 460
madow.com.cn, 970
mertcangokgoz.com, 375
52eat.com.tw, 1378
playukinternet.com, 368
breeder-one.jp, 476
fatcatart.com, 362
labtech.dk, 2130
dulcedo.ca, 518
addis-techblog.de, 1461
umami-madrid.com, 1315
wildlifeaid.org.uk, 903
shichimiya.co.jp, 1005
bcspbologna.it, 1889
terrapass.com, 376
ivec.gob.mx, 3232
attynouta.com, 1122
pacificboatbrokers.com, 364
actionagendas.com, 493
thegreatfitnessexperiment.com, 459
truthonprop32.org, 459
techragon.com, 357
mut.de, 1293
rcz-dnr.ru, 2315
redflushcasino.com, 376
homeloansaustralia.com, 525
islaprohibida.blogspot.com, 913
evolix.net, 670
mamamooarabteam.blogspot.com, 919
ferminiatures.com, 455
ulhiking.com, 2840
avatp.ir, 1673
dietabajarpeso.com, 1284
electronics24.at, 797
meubarato.com, 458
www.za.net, 694
academiccourses.fr, 919
toshay-org.myshopify.com, 729
learnitalianoeureka.com, 460
udovoigt.de, 1419
bateauxnewyork.com, 368
mycolombiancocina.com, 519
offer.com.cy, 798
universamnsk.ru, 777
shotput.com, 354
colegiosocorro.es, 3037
sanalgol.com, 2757
textline.com, 377
bdbarcelona.com, 1350
madinpoly.com, 853
sportexpress.org, 591
visio.jp, 1255
bifesta.jp, 523
pichoniza.com, 1262
bontraveler.com, 727
termelaktasi.com, 380
operacionbikini.es, 511
intenseclick.com, 361
dstechnik.cz, 538
advocis.ca, 518
shirin-bayan.com, 748
mitchcommgroup.com, 1114
capricebookings.com, 363
bgs.org.uk, 1215
seton.es, 737
b-style-msc.com, 982
multanex.pl, 2104
madanna.ir, 2266
freepdfbooks.org, 689
aktravelsbd.com, 530
kwhydro.on.ca, 533
extremeairpark.com, 524
tzuchi.my, 808
ceramicasantagostino.it, 501
roadto45tennis.com, 509
nkm48.wordpress.com, 731
blackbox.co.uk, 887
postroyka-dom.com, 527
milata.cz, 550
uchikoaustin.com, 370
arabicshopping.com, 646
j-seto.jp, 532
anyproxy.io, 896
infotek.yoo7.com, 1105
programsuccess.wordpress.com, 727
ediblegeography.com, 565
mandarsms.net, 931
tesakov.com, 700
90.pl, 1550
get.tj, 1685
katariaenterprise.com, 1257
privacysense.net, 951
brainwiz.org, 890
plantphys.info, 751
semico.ir, 1417
sviymed.com, 683
learningskillsindia.com, 489
nicheconsulting.co.nz, 617
avbox.co.jp, 549
ine-kankou.jp, 561
watchseriesx.com, 369
la-patas.cz, 546
vivason.fr, 1205
sifat.co.in, 769
manetec-65.de, 1088
wcmusic.org, 738
hyperwe.com, 1293
novaczasve.com, 762
dcdcapital.com, 778
valordoconhecimento.com.br, 679
digitalmeetsculture.net, 668
myskin.gr, 1246
doggiebuddy.com, 450
h3e.pw, 783
shoprarely.com, 771
blackbirdsuite.com, 365
creepyyeha.storenvy.com, 364
heuxasoftware.com, 643
becomingadatascientist.com, 453
sposiamocirisparmiando.it, 1287
idarastore.com, 673
deltaresources.com, 602
hcmifactum.com, 484
columbia-lyme.org, 456
hardonline.ru, 800
opacsaoneetloire.fr, 1492
stampersanonymous.com, 569
geenergyconnections.com, 378
captaintortue.com, 1459
b-bakery.com, 624
clinlab.info, 506
thetripatorium.com, 1205
oformi-akvarium.ru, 1606
63realty.co.kr, 602
lasanmarco.it, 597
avis-site.com, 1311
spark63.ru, 1595
tests-tests.com, 1454
kyoto-seikei.com, 1120
fceobudu.edu.ng, 1250
eyeclinic.com.br, 648
filmnosis.com, 533
pensando.it, 664
abcccodes.com, 521
freeholdracewaymall.com, 522
tosdatabase.net, 871
lightpaintingbrushes.com, 581
janitos.de, 759
kiraninfotech.co.in, 729
glentworth.sharepoint.com, 3386
lesite.co, 1203
sailormarket.com, 722
viddyozestore.com, 554
nesrea.gov.ng, 1746
eniyiteknoloji.com, 2755
nbbiran.com, 365
inland-mfg.com, 580
agapemoda.com.br, 898
thefancarpet.com, 357
alternatifterapi.com, 355
theuijunkie.com, 368
thuthuat.vip, 503
comeandreason.com, 362
gemcuts.com.au, 514
dtst.de, 763
shoes-de.ru, 791
kkeps.com, 677
townnotobus.jp, 1078
playerytees.com, 575
rectus.pl, 658
cvmc.net, 1120
charbroil.de, 821
sqy.fr, 2931
kalykla.lt, 717
zagel-app.com, 376
somewhere.com, 523
168chaogu.com, 541
belajar-komputer-laptop-printer.blogspot.co.id, 2384
loft.org, 853
webinksolution.com, 1335
kfj.cc, 1394
criswell.edu, 725
zza.kr, 728
haochu.com, 523
swimontario.com, 591
thebike.co.kr, 718
terristeffes.com, 565
masterguitaracademy.com, 365
masterstudies.co.uk, 639
mirrorglassplus.com, 371
pricebustersmd.com, 372
carattuningparty.sk, 553
nikolaoutools.gr, 674
workamerica.co, 503
crapemyrtle.com, 1498
bfb.com.br, 737
budget.dk, 1277
muscle-elite.com, 1012
exhiblover.tumblr.com, 362
rushdailies.com, 617
branderstand.com, 531
tritel.net.ru, 819
leo.co.uk, 642
thinkstockphotos.ae, 820
mandalatickets.com, 371
wynikilotto.net.pl, 815
meccano.co.nz, 791
bestssearchlinks.com, 367
imobiliariaideal.imb.br, 978
hiphop360o.info, 676
egida.ru, 791
maikonrios.blogspot.com.br, 1319
theaudiobeat.com, 574
octaedro.com, 1352
vybiraem-luchshee.ru, 812
expand2web.com, 455
managed-protection.com, 515
rfbl.pl, 1379
sepq.org.br, 1271
atlanticas.net, 1223
toughmudder.ie, 664
boxingschedule.co, 499
bluefrenchbulldog.com, 486
mukudu-dev.net, 1638
therarebarrel.com, 571
adelgazarapido.org, 858
libreboot.org, 558
olivetcollege.edu, 911
attrader.pl, 1389
itscleolive.com, 582
outmatch.com, 359
aegif.jp, 951
ackay3s2.wordpress.com, 740
aetalon.ru, 837
webpower-group.com, 1317
receivesmsonline.me, 866
holifestival.de, 1558
router.com, 659
telcoma.in, 860
mypornmixer.com, 2753
led-expert.in.ua, 1502
esandroidthai.com, 363
streamtunerblog.blogspot.sg, 1161
sevillequarter.com, 790
stonekap.net, 1208
ubgirl.com, 2759
informacionopticas.com, 1384
duduzui.com, 921
lipodroxfunciona.com, 979
jenseitskontakte-geistheilung.de, 1296
barnabas.io, 1066
incenteev.com, 366
livoo.pt, 931
grisayfalar.com, 373
chengzivr.com, 549
guiadeleste.com.py, 393
weststar.com.ng, 968
vitalife-blog.com, 1135
dostmuhammad.com, 494
examcrazy.com, 498
baincapital.co.jp, 722
ofcl.org, 883
pricenet.co.za, 1360
aetemple.blogspot.com, 908
vincod.info, 1149
omtf.pl, 1114
limwonki.com, 656
angola-today.com, 366
serprofil.com, 1415
pinchengbg.tmall.com, 2908
brennan.co.uk, 922
taniekomputery.pl, 668
horseland.com, 484
bybo.com.cn, 945
pacenation.us, 506
buffyworld.com, 494
cabinweb.net, 731
analizi-uzi.com, 508
hassan-elbaghdadi.blogspot.com, 900
idmfullcrack.com, 371
madbookings.com, 1023
shopj.net, 535
connectedworld.com, 498
prokundo.de, 1706
highresolutiontextures.com, 505
fmbanktrust.com, 382
scas.nhs.uk, 1540
bitzonk.com, 524
station-musicshop.de, 1402
psychologyformarketers.com, 1196
youporn.bz, 704
ourqueerstories.com, 371
limmatsharks.com, 1410
united-flightattendants.jobs, 906
hiroogakuen.jp, 535
athleticstore.gr, 1376
signarama.ca, 816
lyceelbv.org, 1116
infobos.ru, 816
xxxgayvideos.tv, 806
estiloysalud.es, 513
jumpball.ru, 811
solmomentos.com, 673
vrn.org.ru, 1262
issw.ir, 1706
happystock.kingeshop.com, 532
eda.pt, 516
mybb.su, 1648
emeraldsecure.com, 376
dendyportal.ru, 788
buy-nippon.com, 1292
chekadbam.com, 760
mpesarates.com, 511
shop-012.de, 1720
obeyclothing.co.uk, 1110
payvand.tj, 916
riotsimulator.com, 359
finishmaster.com, 573
truemichaeljackson.com, 1756
bauergewinnspiel.de, 1122
detimport.ru, 1409
moodem.it, 1253
billhartzer.com, 363
raiffeisenbank-straubing.de, 468
beautybag.it, 700
oxfordpm.com, 513
giovinazzoviva.it, 1189
d9tready.com, 1399
carronota10.com.br, 689
ontozorendszer-diszkont.hu, 1123
l3sb14nl0v3.tumblr.com, 359
nomnomgirls.tumblr.com, 362
softnkeys.com, 2755
host-tec.net, 362
zubersoft.com, 356
milano24ore.de, 1414
rinrei.co.jp, 557
mueblessur.cl, 2012
rvconstrutora.com, 1259
hennemusic.com, 572
thermomaster.ro, 775
petlja.org, 900
webtomed.com, 372
laguna.gov.ph, 743
123angelsport.de, 1081
seeburg1000.com, 732
wteveryou.tumblr.com, 352
clinicasantjordi.com, 1103
imc.io, 634
viniciusvacanti.com, 525
omolodet.ru, 828
kyouka.net, 1067
aitkenspencehotels.com, 612
qalamnovin.com, 513
hack-academy.fr, 896
oxygen.dk, 1640
wayteq.eu, 832
androidpuertorico.blogspot.com.es, 1124
nethosting.az, 2023
eastcoastlifestyle.com, 485
axislighting.com, 365
freeclipartspot.com, 501
chalupnikovi.com, 563
marktding.de, 857
kidzaniaindia-tickets.com, 488
akiou.wordpress.com, 721
boynton-beach.org, 633
gubretas.com.tr, 949
cheapseovps.net, 734
tipsed.com, 487
gladir.com, 535
didacticus10.blogspot.ro, 1475
belgacoin.com, 371
neoperl.net, 674
prague-airport-shuttle.cz, 593
jav419.com, 792
newgen.org.hk, 637
westcoastarmory.com, 487
ursula-sandner.com, 371
newvaluedinterestsfortomorrow.com, 504
sitekabu.net, 1118
robotbase.cn, 1085
ccreditor.ru, 1438
deskero.com, 512
hanfi-1.blogspot.com, 915
thehairpinlegcompany.co.uk, 642
wrapedecor.it, 600
beats24-7.com, 366
pixelsprite.fr, 2174
kb.hs.kr, 1098
katherinebelarmino.com, 371
skat-online.com, 1163
hoodo.jp, 877
jika.cz, 1104
bloommagicflowers.ie, 922
winsomething.co.uk, 932
giornaledicattolica.com, 371
garnet-co.com, 737
rkshuma.tmall.com, 2910
locam.fr, 1190
funworldblr.com, 485
lylife.ru, 1144
91send.net, 1028
ispolneno.ru, 1589
commentsold.com, 526
envaya.org, 454
gardasee.com, 1343
ljekarnaonline.hr, 1489
abundance-and-happiness.com, 591
thaiembassy.ca, 741
telematik-zentrum.de, 470
drmehrizi.ir, 1561
watbetekenthet.nl, 443
privatoria.net, 742
singulex.com, 512
sunrisewindows.com, 373
outsite.org, 1859
mtngexperience.com, 693
vintagecollection888.com, 640
ahsentv.com.tr, 1538
slashdot.jp, 814
bitcoin-club.org, 654
formula1blog.com, 817
mysensualworld.tumblr.com, 350
claremorefirst.com, 496
micarf.com, 366
quizz.fr, 821
vinksporno.net, 648
julianevansblog.com, 359
maxinternet.com, 502
marabout-cote-cuisine.com, 1025
mimily.jp, 553
transplantliving.org, 271
trumpferrypoint.com, 373
baegwan.co.kr, 508
shougakutanki.jp, 514
gccsc.com, 601
wildflowerchurch.org, 621
metzgerei-mornhinweg.de, 757
globaldro.com, 614
undergroundprivate.com, 374
staubsauger-paradies.de, 1077
resultadoschispazo.com, 511
govtopenings.com, 2773
fareastvapealliance.com, 502
jatekraj.hu, 495
sunrisesolicitors.co.uk, 632
kurandersleri.net, 896
ieczj.com, 531
muslimjapan.com, 980
look.com, 375
csdsistemasdesellado-my.sharepoint.com, 3948
butuzou-world-shop.com, 1566
igi.or.id, 690
lnews.eu, 976
hanimlarindunyasi.com, 587
featvre.com, 513
cyclonerake.com, 454
scrubsdecore.tumblr.com, 358
sas-porto.jp, 1018
oacett.org, 425
wilbo-shop.de, 1102
hansestadtlueneburg.de, 858
vitalliance.fr, 1471
wellington.org, 855
5up.net, 1297
ludidv.ru, 803
theroadback.org, 887
lapiantata.it, 592
mikesupes.tumblr.com, 362
meekro.com, 371
juusando.com, 369
krawl.com, 1253
dxire.ae, 528
sinamega.com, 703
universityproducts.com, 612
createmindfully.com, 369
compojardineria.es, 1957
tyrelia.com, 1271
fundoversa.com.br, 963
lalgolacollege.org, 921
vienna-opera.com, 766
portaldoforrozao.com.br, 698
knighthemes.com, 589
kurigram.gov.bd, 448
premieropinion.com, 510
mexicoledger.com, 489
unicus.mn, 531
infoptimum.com, 1291
kgarch.org, 653
edufisrd.weebly.com, 1017
al-riyadh.directory, 896
timple.com.ar, 1017
scholarshiplibrary.com, 372
mrrc-obninsk.ru, 1615
profumitesterstore.com, 657
sgs.co.uk, 1009
torncentral.com, 659
eurodom-ua.com, 574
zakazat-mebel.ru, 2325
gdemu.wordpress.com, 749
websterspages.com, 565
deertickmusic.com, 918
vanillawowaddons.com, 521
kukmarashop.ru, 1428
kornferry.cn, 1009
faizanenaat.com, 1028
cusanuswerk.de, 1075
waspa.org.za, 1722
deanimalia.com, 1361
pilgrimstudios.com, 364
sercae.com, 1299
waldo.photos, 788
smartertakeout.net, 715
centrotranspersonal.com.ar, 810
foropadel.com, 1274
anshrnow.com, 514
club937.com, 723
hatinh24h.com.vn, 682
yoshiwara.co.jp, 542
banyomoda.com.tr, 1486
nxhuizhan.com, 763
up-house.ru, 917
ocnbiz.jp, 1064
katzorange.com, 689
nature-education.org, 1032
etuc.org, 633
inventum.eu, 602
rainbowpromotions.com, 614
easydine.ru, 847
ayurvedicyogi.com, 1712
inisms.net, 2330
daub-brushes.com, 3912
3dprintler.com, 398
breakallgames.com, 782
letshostit.org, 1046
grupounite.com.br, 1406
napmucmayinhc.com, 1192
blog--007.blogspot.ru, 1907
zjicu.com, 1264
golfodds.com, 663
dagensbyggeri.dk, 884
zero1.co.uk, 637
optout-cnnf.net, 725
thelupussite.com, 370
sourcingmap.com, 372
waverleyexcursions.co.uk, 931
servereagles.webs.com, 358
pornworld.com, 661
opendoor.or.kr, 1054
hrdangola.com, 490
shopdacarabina.com.br, 474
realestatemarketingblog.org, 636
auboutdurouleau.fr, 1304
easyhosting.com, 593
abadan-ref.ir, 4951
allbatterysalesandservice.com, 501
pastashirataki.it, 1000
24dian30.com, 913
money.ca, 526
sarthaktv.com, 2748
toxplanet.com, 515
cieem.net, 660
hobartlegal.org.au, 630
fcb.edu.br, 673
internat-dyr.dk, 903
ks-yanao.ru, 850
lamiaparteintollerante.altervista.org, 664
nishishitranslations.wordpress.com, 721
com-download.ru, 787
megawecare.co.th, 752
dailyboats.com, 369
hanatour.com.tw, 1648
unimedbauru.com.br, 641
fotograficky.guru, 977
priedaimobiliems.lt, 821
mdashop.com.br, 1963
banglafoodie.com, 812
toyota-gib.com, 360
bdsmpaintube.com, 365
accessc.com, 9307
applygermany.mihanblog.com, 574
harlemonestop.com, 366
logiless.com, 504
eladams.com, 676
terazbiznes.pl, 815
stimulant.com, 577
dataland.tmall.com, 3055
nttact.com, 8824
ferromex.com.mx, 702
archover.com, 1018
essentiallearningproducts.com, 480
runners.bg, 1559
playkids.uol.com.br, 640
unit-image.fr, 1457
oniksmarket.ru, 803
carnavaldelsol.ca, 539
3i-infotechconsultancy.com, 7824
myapnea.org, 1056
ewallet.jp, 1103
islamieducation.com, 622
citywebindia.com, 552
corola.org, 893
theweeklyknob.com, 487
latentview.com, 596
huangye.fr, 889
sogo.com.my, 714
edis-om.com, 8904
besattravel.com, 647
schweisshelden.de, 769
collages.com.es, 711
victorfont.com, 563
cennarium.com, 651
powerspec.com, 614
livingmedia.pl, 790
sunlightyellow.com, 644
applenet.jp, 547
hisaab.pk, 671
hetbrandweerforum.nl, 432
hometrends.com.mt, 1030
21tradingcoach.com, 567
sealink.com.au, 534
pets-friends.gr, 1441
sreda-forum.ru, 856
granitedevices.com, 520
ujirafika.ru, 1398
shaklee.com.my, 1163
elbazardigital.com, 538
ditechs.com, 1070
avtozar.mn, 1247
hrdmag.com.sg, 522
1010sh.com, 1269
axislabmagento.com, 515
designjobsboard.com, 414
sport-cosmos.de, 1184
hcvguidelines.org, 877
dzhldj.net, 1157
reglinez.org, 638
foeeurope.org, 635
tietosuoja.fi, 1291
baiyitejiaju.tmall.com, 3103
smalldanishhotels.dk, 818
apd.ong, 807
itachibori.co.jp, 1069
le-livre.org, 644
compucoin.org, 1775
rivalboxing.us, 763
uscabinetdepot.com, 516
tbany.com, 605
asty-tokushima.jp, 512
maplaneteverte.com, 797
council-pop.tumblr.com, 360
logicvapes.co.uk, 632
lashx-pro.myshopify.com, 737
tanita-hw.co.jp, 532
dellsatto.com, 1117
artic-reiniger.de, 463
bioxoil.de, 759
beach.com, 372
chathamdailynews.ca, 603
papodefotografo.com.br, 675
agenziavenus.it, 499
theater-house.ru, 800
miuniverso.com.ar, 642
zumbido.es, 982
yofoxy.com, 468
kidsites.com, 1027
tiogatours.nl, 425
stylagy.co.jp, 536
jr-farm.de, 1308
sden.org, 1221
drzwi.pl, 556
ausmalbildervorlagen.info, 992
jesuitas.org.co, 422
stroikaural.ru, 1499
mymilestone.com, 499
lambi.com, 1118
demonoid.narod.ru, 1467
orangefoodcourt.co.jp, 1173
johnredwoodsdiary.com, 491
farsapple.com, 750
bevco.dk, 900
amariner.net, 561
yutaka-sec.co.jp, 530
quranct.com, 358
oknoudoma.ru, 772
shareinfo.pl, 827
foodwine.com, 362
coffeejobs.com, 372
shapenet.org, 447
tadviewer.com, 496
bremerhavennews24.de, 1451
groovera.com, 379
dealwithautism.com, 354
mesoigner.fr, 1494
solotica.us, 804
frames.gov, 920
appstoreforex.com, 665
true-node.com, 547
roghancar.ir, 1652
zaoag.org, 928
newamateurtube.com, 574
doctorsan.ru, 1279
exclusiveadventure.ch, 756
iranmama.com, 662
elgurudeltrading.com, 1311
juuria.tumblr.com, 360
forchtbank.com, 368
theactionpixel.com, 481
route-des-vins-alsace.com, 1683
ksshp.fi, 597
andreas-gabalier.at, 745
sterlinghealthcaresvcs.com, 366
topfleurs.be, 802
neuronphaser.com, 485
mihui365.com, 535
cefpress.com, 356
sound-pixel.com, 1385
cpacf.org, 1051
dravit.si, 2249
sensoryperfection.co.uk, 1209
bgo.es, 1089
aibms.com, 802
rapturecamps.com, 496
howtoquitsmokingweedhelp.com, 495
theladylovescouture.com, 366
cressettech.com, 544
lxrcsc.com, 536
zhenfang.me, 931
meteopresila.it, 1872
familyls.jp, 478
rrr12.com, 658
sssadmin.sharepoint.com, 3591
niftykick.com, 362
fmfutsal.org.br, 1017
aboutdiabetesguide.com, 584
shemalexxxvideos.com, 660
worldescortmap.net, 996
ford.rs, 1078
csoftlab.com, 664
visitsolta.com, 1324
stylecampaign.com, 592
rd-lab.shop, 953
gimmethebest.net, 1116
viisa.ee, 744
nacionalconsultas.com.br, 678
documentariosguerra.blogspot.com.br, 1318
namaco.in, 815
zg66.ru, 782
liveskipper.com, 522
fccpt.org, 645
checkology.org, 453
rahnemaco.com, 1590
detoxikace-organismu.info, 1424
thedebuggers.com, 528
fortwayneparks.org, 896
gocampok.com, 507
smartlink.com.sa, 1773
marktplatz.500px.com, 502
urbanvelo.org, 1065
appeti.jp, 740
oxs.uz, 725
bagozzi.edu.br, 683
vinasystem.com, 1783
shikogaku-dvd.com, 662
grammaropolis.com, 495
triplc.com, 507
bkom.cz, 546
the-gingerbread-house.co.uk, 930
wordpress-zone.ru, 800
hvqlgd.edu.vn, 919
nigeriangasassociation.org.ng, 1551
wiseguide.com, 362
bendigoadelaide.com.au, 511
nasosov.by, 768
lucky-fishing.gr, 1252
yummysofie.com, 572
kcw-shop.de, 1450
garmin-salescoach.com, 374
animekaillou.com, 659
19666888.com, 1084
anayamedical.com, 572
xn--812-5cda1c0a7ar6b.xn--p1ai, 1496
buywow.com, 362
giftcardsonsale.com.au, 829
childlife.org, 881
radiociudadbandera.wordpress.com, 720
rashiratanjaipur.net, 993
globalnetwork.xyz, 813
burjeel.com, 496
newsexpress24.com, 385
allfacebook.com, 531
lavriostone.gr, 681
akvariumonline.sk, 1338
ibytecode.com, 572
e-carms.ca, 835
littlerp.com, 366
wzd.in, 725
diamantishoes.gr, 1630
kifpool.ir, 1581
phoneforums.org, 635
bandeirashop.com.br, 924
expresspay.az, 654
camslink.com, 485
genkpoker.net, 721
archconuga.com, 362
brandonhilkert.com, 1083
audio-libro.com, 373
britishcolumbia.ca, 351
silverton4thofjuly.org, 642
domina-shopping.lv, 1464
hahadiaoyu.com, 581
romans45.org, 1058
iyp.tw, 2996
rosakademy.ru, 811
ispania.gr, 656
anisalud.com, 2828
yellowroad.hu, 1138
steinke-institut.de, 1297
cookidoo.com.au, 820
vr-360.net, 1021
starychmebliczar.pl, 672
radioberg.de, 1133
laenderservice.de, 1410
blueberryink.com, 368
kymco-ersatzteilshop.de, 1071
discoteca.it, 658
kar-chan.com, 501
risorsainformatica.com, 675
meddoc.com.ua, 1550
paint4models.com, 359
thefuriousangels.com, 363
kursyinstruktorskie.edu.pl, 1547
english-sky.com, 566
soiree-eventdesign.com, 487
lagartavirapupa.com.br, 860
cathedralcity.gov, 1067
habercuk.com, 374
odlarmed.com, 371
agentserver.ca, 506
a24.com.ua, 996
autogeneral.ro, 1086
smashingsecurity.com, 372
noithatvanphongsme.com, 462
javfree.pw, 130
ronblank.com, 507
kuchniawformie.pl, 1020
tudosis.es, 980
edc.edu.ng, 1343
nydailyquote.com, 502
consejosytrucos.com, 681
moorewilsons.co.nz, 3048
roloteca.com, 361
termoros.com, 1478
supplysideshow.com, 374
pornpoly.com, 367
asean-info.net, 1124
maximarkt.at, 1438
udecor.com, 524
spaincenter.org, 468
arena-pakistan.com, 645
kinshima.tumblr.com, 365
conservatoria.it, 620
flickstime.com, 360
mysims4blog.blogspot.ru, 1481
keimolagolf.com, 512
agnesboukaram.com, 1441
suite101.com, 377
jolijolino.com, 1096
editions-homme.com, 883
sentimientoyaoi.tumblr.com, 368
wearableinear.com, 383
f9.co.uk, 561
munilive.com, 510
rapcea.ro, 1874
komtech.lt, 1538
seguroscontinente.pt, 237
nickcatesdesign.com, 579
wpauctions.com, 1096
tgfuneral24.it, 669
wellness-wave.de, 1439
computer360.net, 989
lednews.lighting, 633
beautifulmindvn.com, 360
aoisola.net, 1090
muerdelapasta.com, 366
backcountryskiingcanada.com, 543
sdpao2.tumblr.com, 362
gayfriendschat.com, 368
rta.lv, 751
drivine.com, 492
bitchgoddess1.tumblr.com, 364
sindireceita.org.br, 921
nudism.name, 2309
medialiteracyproject.org, 906
bluwe.com, 677
oriolechicago.com, 502
srk.co.za, 668
tokyomirai.ac.jp, 733
centrepoint.com, 487
maashorst.nl, 440
ocean-institute.org, 883
uiia.org, 625
suma-saga.com, 1138
zyabkin.com.ua, 903
pta.edu.pl, 1102
dpkleidung.com, 374
klil.co.il, 862
freepascal.ru, 1485
kawasaki-keiba.jp, 981
biosline.it, 487
kintecglobal.com, 486
nelsonliu.me, 727
fudanpress.com, 535
qqipone.com, 364
uniformesdesbravadores.com.br, 1337
xn--u9jb559th9ehy6bhcrbku0jak0m.net, 1121
thelioninmybed.tumblr.com, 353
hgbookvip.com, 533
skywatcherusa.com, 491
judson.biz, 706
gambeinspalla.org, 1852
my-clash-of-clans.ru, 838
cad.cz, 542
come-and-hear.com, 576
codingcraft.ru, 839
rabatka.pl, 764
anahirmiyazaki.com, 1059
icbs.ir, 917
activa.com.tw, 800
commoncentsmom.com, 371
mindsparktechnologies.com, 372
jalsasalana.org.uk, 1112
discountreactor.com, 453
minerali.it, 675
propsops.com, 519
lcef.org, 624
buchenwald.de, 3442
rezina.ru, 792
dooepoo.tumblr.com, 356
animeca.com.mx, 1052
flinders.be, 1340
notanotherbill.com, 366
produktwarnung.eu, 756
dovanphuong.com, 450
takechargeamerica.org, 894
ggwo.org, 891
doorsteps.co.uk, 917
justacro.com, 1749
iralco.ir, 935
numberknowledge.com, 367
kanshudo.com, 494
silo-z.ru, 849
eatdrinkplay.com, 688
indicerecetas-meri.blogspot.com.es, 1132
oulunetelainen.fi, 1295
cscprovidence.ca, 505
orangeink.ir, 1881
lahoregrammar.school, 899
laundrycare.biz, 734
chcoc.gov, 1255
hex-online.de, 1530
edentify.com.au, 756
swiftprepaid.com, 483
rppeo.ca, 299
cswcrtiweb.org, 849
cmj.com, 548
kumarvishwas.com, 361
citas.med.ec, 2392
mydropbox.com, 576
fauxnumeros.fr, 1477
tiorootocomp.tk, 227
nolleys.co.jp, 1084
wanpe.net, 1118
yauyuism.com, 1174
bkkinfo.hu, 503
bluebillywig.com, 968
torten-boutique.de, 1478
pruvodcevyzivou.cz, 1268
daymirror.ru, 1609
nomoreroominhell.com, 516
themanifestationmillionaire.com, 358
riverfestlacrosse.com, 913
kerrvilletx.gov, 697
mycamping.com, 742
dommdom.ru, 1496
tcvb.or.jp, 539
nest-netshop.com, 586
uabets.com, 662
jeep-real.jp, 1382
xn--80aaehcdett5alvfjj.xn--p1ai, 1461
strivingforeternity.org, 645
kh-gt.de, 1288
daumfancafe.tumblr.com, 363
winconnect.net, 410
circuitbenders.co.uk, 1759
optimalprint.fr, 1183
twynhamschool.com, 673
1second.com, 578
sajhrm.co.za, 1600
daad.tj, 903
mczone.ru, 857
decoraciondesala.com, 661
xapstersgalleries.com, 1180
thepees30th.com, 935
orthodon.com, 500
hahwul.com, 354
contentwatch.com, 511
sizwe.co.za, 1652
chro.pro, 880
dragonfly.dk, 1961
domstroiproekt.ru, 1600
thescene.tw, 736
batauto.com, 732
securestage.com, 1269
modernwoodmenbank.com, 2736
shop24.msk.ru, 1581
flipchartfairytales.wordpress.com, 716
fonotecanacional.gob.mx, 1076
green-theory.com, 497
codico.com, 1417
mzdik.radom.pl, 1407
gimaex.com, 658
lacuillere.com, 1063
hyundai-modus.ru, 846
lensonline.it, 1909
thrivous.com, 511
cafindia.org, 629
onlinesensor.com, 459
boxnation.ru, 1617
elusyf.com, 461
gruposaona.com, 654
nycmetalscene.com, 566
spp.co.jp, 1035
musiquesparoleschretiennes.blogspot.ca, 1156
rabbitvcs.org, 1680
antv.gov.co, 418
selfrelianceny.org, 452
ressiq.co, 824
selectech.co.za, 928
asukamodel.com, 987
beregnbmi.dk, 1485
waydate.ru, 835
szkentla.pl, 550
comicool.cn, 954
odpovede.sk, 733
conexaoaeroporto.com.br, 1203
kwalitywalls.in, 524
norcalsscustoms.com, 366
angelikasgerman.co.uk, 1199
manuelnumerique.com, 655
xoverland.com, 1407
mastercardempreendedor.com.br, 1012
hrofficeplanning.nl, 502
nthrive.com, 756
travel-management.net, 1196
kanfar.ru, 847
yooutube.ru, 839
frc-watashi.info, 775
n-survey.com, 977
sasfin.com, 1563
cafebabel.it, 613
premierescene.net, 969
freeasiansporn.com, 1158
pornsexsex.org, 1221
xn----7sbficebzps0c1a0il.xn--p1ai, 1317
yingnaishuma.tmall.com, 2920
kinostar.tv, 813
tokohpenemu.blogspot.co.id, 1356
vanhornlawgroup.com, 498
letampographe.bigcartel.com, 359
worldlunghealth.org, 450
rankingtoday.com, 1356
prohr.in, 773
mebel-gromada.ru, 815
triplexmilfs.com, 947
mopinion.com, 920
gestar.org.ar, 1232
befantastic.com.au, 909
pakal.net, 558
barbarys.com, 781
shecaishuma.tmall.com, 2902
bbgr.com, 650
appliedvisions.sharepoint.com, 3428
yourgemologist.com, 482
ppn.gov.ar, 1580
ictd.ac, 1214
strukturalni-fondy.cz, 542
magiastrology.com, 527
flochat.in, 698
mycatstudy.com, 561
tuugo.com.br, 949
madxfrance.com, 649
confe.ir, 1294
rethinkworship.com, 866
namogo.com, 668
commentes.ru, 839
runjumpthrow.com, 379
theinspiredhome.org, 455
larryvsharry.com, 365
dev-medgenera.herokuapp.com, 1821
hugoboss.tmall.com, 2938
focusonthekingdom.org, 960
oraculoching.com, 675
marvelyearsmusic.com, 517
18sexvideos.com, 575
topsurvivalweapons.com, 358
tahoesbest.com, 361
eazylang.com, 1113
dailylives.org, 1402
elizabethcastro.com, 1259
agarum.com, 489
bach-bluetentherapie.de, 1083
caltransit.org, 1014
posicionamiento.com, 528
sevennet.com, 511
usimmigrationsupport.org, 647
ixl.ru, 1538
greenfirefarms.com, 357
advance.com.ar, 780
nextmedia-hamburg.de, 880
spaceline.com.br, 1217
gsnetx.org, 889
willmarccs.com, 899
iowabids.com, 524
downloadtechhouse.com, 650
tailieuontap.com, 361
wikigamia.net, 661
controlefinancierdz.web44.net, 3456
hcu-client.com, 511
matvk.fi, 602
wimaxspeedmap.com, 939
shortkeys.com, 572
iol.na, 551
aubmed.org, 785
scroll360.jp, 1072
cancionesinfantilesya.com, 906
ddbcorp.com, 661
sanit.by, 894
starssuite.com, 360
universalacademy.com.au, 2526
digitalsignageexpo.net, 732
fourmis-boutique.fr, 2253
visa800.com, 516
druskininkai.lt, 770
shopping4net.com, 1522
pmsinfirm.org, 851
westcom.ru, 796
haircitymm.com, 358
cashpage.net, 523
mobogenieunion.com, 513
webmagnat.ro, 751
nickelfreesolutions.com, 497
scheepvaarttelefoongids.nl, 426
plannersanonymous.com, 567
doing.fr, 1472
saltstack.com, 517
deconsquad.com, 582
migom.com, 361
tjprc.org, 433
worklife.dk, 2112
inno-make.com, 2241
food-hub.org, 656
bikemastertool.com, 361
betenbewegen.de, 869
vk.me, 1363
517mrt.com, 507
siel.nl, 438
e-hps.com, 723
synirc.net, 757
abuliyan.com, 457
easy-ways.com, 489
stark.dk, 894
funwirks.com, 785
eurocqs.net, 1261
nikko-sake.com, 541
xnet.lv, 806
visionpharma.com, 364
trade-india.com, 508
t-bird.edu, 1150
adriaticapress.it, 669
autofirenze.biz, 1725
minniowa.com, 603
sweetteaproper.com, 503
recruit-dc.co.jp, 534
competitivecameras.com, 371
zoncinta.com, 362
vk.me, 1351
mandarinclass.my, 600
pbxi.net, 362
zyznowski.pl, 760
meodia.com, 516
guardiancaps.com, 488
bbccable.net, 865
ams-luenen.de, 1288
ihalehaberbulteni.com, 372
salvia-community.net, 739
superpowerfruits.com, 368
bereyellingergl.com, 565
downloadfreetvseries.com, 509
iqshop.ro, 819
rocket-media.net, 732
uskudarhaliyikama.org, 1103
savedeo.com, 371
nanabit.net, 1155
divorcereform.us, 505
solarincomefund.com, 378
novofri.com, 1323
8852088.com, 2246
rafonline.org, 944
bois-francs.com, 483
pieceinch.com, 513
tel.com, 530
teenpregnancysc.org, 878
powgnar.com, 494
screenmediamag.com, 941
pricerabbit.com, 484
archive-host.fr, 812
hotimpit.ru, 1597
3sitracking.com, 655
hellfiremods.co.uk, 817
eslyoga.com, 711
kilgour.com, 496
vk.me, 1356
hualienhouse.com, 513
tour-box.ru, 845
servizioallerta.it, 659
denyojp.com, 1068
centralepiecesauto.com, 375
bluedynamics.com, 605
xjs123.com, 599
veryicon.com, 365
emrekoldas.com, 517
adc-inspect.com, 554
vusadbe.by, 1401
morban.co.uk, 801
hainanair.us, 977
vk.me, 1352
metar.gr, 774
treasureislandbar.com, 497
sponsoredhomepage.com, 514
pcrecruiter.net, 570
bcdtofu.com, 495
thefavorite.fr, 1410
aneventapart.com, 372
pces.in, 860
alamelphan.com, 607
hotel63.com, 494
kitubi.com, 661
zenrog.com, 955
kinderroller.org, 1262
naverisk.com, 600
teme.us, 1660
tlinkbroadband.com, 490
rivnetwork.com, 573
bufobufo.eu, 1614
friatider.se, 560
mannllc.com, 2754
rideukbmx.com, 1196
agnx.com, 587
muzed.co.uk, 467
vk.com, 1448
urt.is, 823
notabilus.com, 1354
jordansun.com, 489
frosta.hu, 3724
lacuisinedegandi.net, 661
pattaya-bargirl-investigations.com, 484
teksyndicate.com, 359
d-strage.jp, 556
akselparis.com, 532
lilylolo.co.uk, 629
mockquestions.com, 512
rocketdownload.com, 493
shopkeepapp.com, 497
postageapp.com, 516
mkhoj.com, 364
ingwer-gesundheit.de, 1622
velvetblues.com, 579
deltacountytx.com, 567
idenyt.dk, 883
fraserwebdesign.co.uk, 550
runboard.com, 368
worldoutofbalance.org, 633
ricochettrendz.com, 508
johnbarritt.com, 647
westfest.co.nz, 582
x-muehle.de, 1503
vk.me, 1349
kinoman.tv, 1076
akorda.kz, 721
terrania.ru, 805
jcdrepair.com, 497
omegamepis.com, 538
answersforapple.com, 488
videofeet.com, 508
luxeweddingdesign.com, 579
thepropertyvault.co.uk, 908
managedemail.com, 2768
hrhairextensions.com, 765
triecienspeks.lv, 1050
statice.is, 748
sygeforsikring.dk, 828
pleg.ma, 816
memecorner.com, 2737
wimmercycle.com, 495
sugoikr.com, 506
hennensobserver.com, 569
kaoxve.com, 532
mastitorrents.com, 562
choople.com, 471
all-nude-celebs.us, 435
eissmann.com, 1416
bigglook.com, 363
camdough.com, 504
blazingcore.com, 486
vn-logistics.nl, 430
inspiradigital.co.uk, 802
ce-richtlinien.eu, 1373
djbarryblends.com, 493
untitledradio.com, 564
chinahomegift.com, 1059
zgdaliw.com, 514
qfpay.com, 1053
farat.ru, 798
vk.me, 1346
trianglemoon.com, 493
golf-absolute.de, 1074
grtplains.com, 512
windmillchiropractic.com, 1099
giga-cv.com, 546
maurerundpartner.com, 1314
opf-labs.org, 637
lithiaelectrolysis.com, 610
kentuckysportsradio.com, 370
design-pilot.com, 511
wcsr.com, 580
telemagazyn.pl, 785
coldclimategardening.com, 768
guidgen.com, 508
cafe-campus.ru, 838
helander.co.uk, 557
odwyk.com, 369
toppsfootball.co.uk, 1017
khamphamientrung.com, 510
tas-t.com, 518
comeser.it, 564
spvgg-haddamshausen.de, 1477
winkhaus.com, 1523
netbridge.ro, 1042
frenzyestate.com, 501
comprabolsos.com, 1051
medicclub.ru, 816
akfarsam.ac.id, 824
vk.me, 1351
rw-kupplungen.de, 1326
archers-contois.fr, 1487
dyndns.tv, 503
visits.lt, 2964
wholesalejerseyssaleus.com, 365
supertabak.ru, 857
vk.me, 1353
maketechpr.com, 358
futchfactor.com, 601
peregrineadventures.com, 378
daegusoft.com, 537
ocs1.org, 888
vk.me, 1347
jw.org, 1085
mcafeefamilyprotection.com, 548
leblogexpectra.fr, 536
doommovie.com, 357
xn--verstt-eua3l.info, 1289
wallofsoundstudios.com, 499
leernetwerkeducatie.nl, 534
pokupaisumom.ee, 816
stiahnut.sk, 1305
fusionedgephotography.com, 534
forum-wf.de, 1550
webmusic.asia, 556
cic-tripleadvantage-creditreports.net, 409
deeperfaith.org, 884
geneeskundeboek.nl, 1063
andrewraposo.com, 364
poolrepairaustin.com, 2776
ayto-oviedo.es, 750
arianapassion.com, 2726
mpa-ppm.org, 746
regus.it, 1042
amanto.be, 1149
srsportal.com, 578
staffingcalendar.com, 362
haikoheinz.de, 447
bestelectriclawnmower.co.uk, 647
jbbr.net, 728
afresnohomeinspector.com, 1063
barcanovainfantilijuvenil.cat, 724
matandme.com, 485
myra.com, 541
search225.com, 1018
egyptopia.com, 671
englishwordsexplained.com, 685
tchl.us, 811
az.gov, 750
gaybodyblog.com, 364
globaldir.org, 1059
kurkiewicz-family.com, 1416
bookmarkingpages.com, 2755
newyork.com, 372
herrajesarena.com, 697
afisha64.ru, 844
patsem2013.org, 632
bikersworld-rathenow.de, 774
openstreetmap.fr, 1194
jriver.com, 567
umka.com, 485
shipbroker.no, 768
tradefair.com, 1235
tenkarausa.com, 495
wincrm.net, 1072
usenettools.net, 406
imperialantiques.com, 459
moph.go.th, 373
sharedpregnancy.org, 622
haoyisheng.com, 534
silkroadtours.com, 493
studiototal.se, 1513
glas-forschung.info, 971
intuitionstraining.org, 1441
stedelijkgymnasiumhaarlem.nl, 526
thecroydoncitizen.com, 495
gt.com, 1115
ehgou.com, 511
labelproducts.com, 498
moln.is, 1399
mcdonaldsleon.com, 368
ashishlunawat.com, 606
vnsofts.com, 507
idospower.cz, 534
mmblog.tw, 658
sceper.ws, 1175
thurlownunn.co.uk, 928
moriyama.com, 1073
thompsonnutritionals.com, 363
jamaica-star.com, 620
paradiselandingwi.com, 376
cddwyy.com, 482
duartelawfirm.com, 571
moskvin.ca, 524
idc029.com, 3260
ronincast.com, 499
sonnydickson.com, 731
brightsign.com, 364
schaer-info.de, 1305
congtynhunghuou.com, 1123
cenblog.org, 731
emesce.com, 485
acswebdevelopment.com, 1292
aze.bz, 1099
elevenparis.com, 1302
kathihill.com, 587
dmxis.com, 1184
astrology-readings.com, 360
mujerlunabella.org, 944
kcoolonline.com, 363
drifty.com, 385
webwaterland.nl, 1103
vk.me, 1362
starepolesie.pl, 780
apamanshop-aichi.com, 360
vk.me, 1355
ibermatica.com, 673
thevisualecho.com, 507
afy.ru, 806
aaronwhitaker.com, 565
mybaby2017.ru, 861
gigposters.com, 361
firmanetworks.com, 605
winefestivalattheplains.com, 939
highfielddental.co.uk, 893
babyweb.sk, 1491
socialtechnologydesign.com, 523
dsl.sk, 759
expd8.com, 1339
phpmagazin.de, 1435
cookrepublic.com, 365
bakaon.com, 366
nekostudio.net, 1030
navtechradar.com, 492
sustainabletriangle.com, 642
bs-holzgigant.de, 1301
todaysgeneralcounsel.com, 1181
acitydumpsters.com, 366
vk.me, 1355
p2a.pl, 1405
bostondesis.com, 549
kujian.com, 490
garnier.ca, 528
tafreevar.com, 494
chouf-chouf.com, 649
nestormedia.com, 716
irobot.com, 1123
greatmillstone.info, 800
ch-go.ch, 990
friendfinderinc.com, 644
nigerianbulletin.com, 364
e-taneya.com, 958
dpointsrvcs.com, 566
legalis.net, 1482
worldtunez.com, 495
admbel.ru, 788
taroscopes.com, 370
lcui.org, 1002
scgolfpanel.org, 796
closethebase.org, 1144
servnettech.com, 455
hourlyfreesex.com, 515
ybgli.org, 727
naomix.com, 988
projecocontracting.com, 573
camcard.com, 515
dpatrickporsche.com, 471
genderoffenders.com, 534
gardeninginflorida.com, 373
infografeno.com, 369
esporta.nl, 418
digimail.se, 2496
mwcloudplatform.com, 360
energymedicine.org, 1388
ubllcdhn.com, 514
yenta4.com, 488
frankrust.com, 563
kylemedia.com, 371
la-phoceenne.com, 551
uc.cl, 2044
smartstorexperience.com, 373
amedeos.net, 983
car-crm.net, 733
centromiami.com, 491
moneyam.com, 519
swoo.co.uk, 460
oz4abh.dk, 2114
mbohal.cz, 1295
easypage.fi, 1247
smoro.fr, 1059
jennifermay.com, 557
owlcreek.com, 568
syasyou.com, 1079
chimeraenterprisellc.com, 493
ncesc1.com, 377
sailor.pl, 758
spectrumgp.com, 497
thepinotproject.com, 497
akrockefeller.com, 716
supreetsethi.net, 358
awacademy.org, 768
urazova.ru, 1474
mosquitoblocker.com, 494
powerdnn.co.uk, 901
realestateownedsolutions.com, 490
westchesteracupuncture.us, 497
public-trust.com, 653
gic.pt, 1627
ciaoseminars.com, 611
mercyimaging.org, 641
advis.pl, 864
themarcellusshale.com, 508
vladmama.ru, 872
louisvuittoncareers.com, 1104
artemedya.net, 1425
huatki.com, 751
kuzovnoy.ru, 1595
komsil.com, 497
groundriddim.com, 1110
exquisitestairs.com, 821
a-mail.nl, 1425
willsoft.fi, 854
momonduty.com, 360
epo.nl, 913
e-xpress.net, 1056
refog.net, 998
weblancer.net, 736
kodanshacomics.com, 361
hydrant.co.uk, 634
el.nl, 1082
digitalhart.com, 718
soulbrasil.com, 1421
crescentstables.com, 569
betavak.nl, 293
philnews.com, 451
styleblazer.com, 486
pbase.com, 507
smxsports.se, 858
susieanderson.com, 569
docthan.com, 493
cxtg.net, 511
supportthevets.org, 901
cartagraf.com, 1356
nicaa.org, 890
caworks-sl.de, 1828
midgard-pictures.ch, 1497
powernotebooks.com, 552
vk.me, 1359
retrovisionmedia.com, 453
hermansingers.nl, 956
edisonenergia.it, 614
housingscotlandtoday.com, 370
helenecastelli.com, 666
noveroma.com, 361
urivalet.com, 357
paheal.net, 887
otohakan.com, 1397
guardiancremation.com, 357
qq.com, 506
art-kon-tor.de, 749
mserve.com, 571
thehostfan.com, 365
mkbkantoorartikelen.nl, 434
drtaffi.com, 678
kenils.co.in, 1032
jbei.org, 939
pearl-institute.co.jp, 1045
evertidegames.com, 505
lemmecheck.info, 508
scriptolution.com, 643
uon.it, 666
truball.com, 492
monumen.pl, 667
worldweapon.info, 1166
uigc.net, 522
fonua.com, 362
music-courses.com, 559
downwithbloatware.com, 1237
iag-inc.com, 519
healingprovision.com, 571
accordiagolf.com, 1081
verlockeshop.de, 2082
d2job.com, 485
corinneduyvis.com, 1139
publidesign.be, 1766
ponroy.com, 654
lsycz.net, 816
conegliano.tv.it, 278
wigh.net, 1104
jillainecarlin.com, 538
szpabj.com, 512
service-sncf.com, 370
138mr.com, 364
curiousmarketeer.com, 552
bassmatters.nl, 1711
vk.me, 1353
qalebfa.ir, 2405
gymboree.com, 513
forfun.us, 1109
gateable.com, 754
konya.co.jp, 549
citistreetonline.com, 1163
meredithnovario.com, 467
aacs.net, 943
pawsgalorepetsitters.com, 650
profil.hr, 1294
peek-cloppenburg.be, 1454
vk.me, 1357
ks-auxilia.de, 1501
jewishfoodtogo.com, 515
funecole.com, 354
vk.me, 1348
stratasys.com, 723
pwt5.com, 2767
jyskweb.dk, 1636
delhitourism.com, 671
flashbay.de, 813
ruspo.ru, 808
squarespace.com, 489
huynhduc.net, 732
iberianhorsemarket.com, 467
engagedcrm.co.uk, 1222
kitepackaging.co.uk, 620
my-mps.com, 664
extremevision.com, 364
allfon.com, 577
citymapper.com, 515
eqdc.nl, 437
fjordnorway.com, 1511
dbg.co.za, 633
xspgulf.net, 1135
foreveramber.co.uk, 880
acadianseaplanes.com, 458
pohistvo-mobile.si, 896
piedivelati.com, 571
pagely.com, 519
egyptiansociety.net, 897
parulassociates.com, 500
tmatesoft.com, 744
themackfamily.co.uk, 893
koszulka.tv, 972
lisabyington.com, 571
marciglass.com, 363
mssm.edu, 1381
teenbabesinsocks.com, 358
forexcafe.com, 358
galucho.pt, 1108
bsc-building-suppliers.com, 494
bomcheck.net, 413
warvar.ru, 862
actionfenceco.com, 2750
airagestore.com, 558
godoroso-zenkokukyou.org, 900
telefonszamkereses.hu, 1776
davids-garden-seeds-and-products.com, 657
iom.no, 1467
marketsnavigator.com, 489
franceguide.com, 1302
mosesys.com, 500
kitag.com, 595
flekspak.com, 706
justdownforme.com, 482
traditioninaction.org, 1123
russkie-palaty.ru, 1598
zappcart.com, 358
federazionepagana.it, 1872
oxbowestate.co.za, 761
stansteadstonecircle.org, 645
surechef.com, 490
michiphotostory.com, 579
secuteach.de, 1224
keaiq.com, 1055
momtubetv.com, 1152
estetdoctor.com, 521
giantpeachtest.com, 454
intelnett.com, 1287
stardem.com, 367
fitmole.org, 650
v2v.cc, 1311
cyberbude.de, 758
jp.org, 995
chillindia.com, 575
byroommate.com, 368
aquil.ca, 902
114school.cn, 1956
dampack.nl, 1489
formular.ru, 804
betbetcom.com, 369
very-pc.co.uk, 900
dominosugar.com, 367
fk.ro, 766
santinopizza.co.uk, 1198
ardasenov.ru, 1611
burpboutique.com, 383
ep-coatings.co.uk, 1862
hcbd.biz, 827
happinessthisway.com, 487
delta3d.org, 2783
search-homes.org, 895
nissanrancagua.com, 1048
compartstudio.com, 1462
cn.com, 713
careerbuilder.eu, 1071
artinzert.cz, 1092
zag.si, 452
merck.de, 888
whatkatewore.com, 459
ntyfranchise.com, 490
madisoncountyky.us, 647
florian-pennec.net, 632
motleycoder.com, 530
sitecore.net, 358
formless.info, 1665
best4u.ir, 1816
farraway.co.za, 1415
cnczone.nl, 523
bargainjoy.com, 671
globalmarketinggroup.org, 644
logicalshop.com, 671
your-home-design.com, 1080
spellekijn.nl, 1485
sydneycomputershops.com, 639
childrenandtoddlers.com, 488
wsulaw.com, 490
themrsbox.com, 375
softactivity.com, 372
gxjbsj.com, 575
srpa.org, 1386
wkf.fr, 906
sbimo.com, 511
nordjyskelejligheder.dk, 875
onlineuniversity.net, 662
atotech.com, 1321
abix.fr, 911
rhsport.pl, 543
cogizz.com, 589
cipafilter.com, 357
g32.nl, 437
za.net, 732
karmanebula.com, 379
bonusnopurchaserequired.com, 571
keycast.com, 365
go2bot.com, 984
webair.com, 1175
snapfish.fr, 896
appendad.com, 513
pcomoney.com, 771
churchgrowth.org, 648
calmcdn.com, 519
agrogepaciok.it, 1884
todoofeminin.com, 1289
lettredesreseaux.com, 650
bestteensex.net, 1177
mocean.com, 513
deurdrangers-shop.nl, 1703
tcdn.ru, 4121
severnaparkaspire.com, 503
meleahhall.com, 491
powermax-motorsport.com, 487
longfeel.com, 2810
american.com, 1195
ifeng.fm, 942
seyiyi.com, 572
fatstrawberry.com, 366
protechblog.com, 2747
z51.biz, 762
yakutia.info, 1071
vk.me, 1354
genderqueerid.com, 367
hercuton.nl, 548
thespafitnesscenter.com, 500
juliabloggers.com, 448
awlawyers.com, 657
stmargaretbbay.com, 378
candlelightcottages.com, 364
abctvlive.com, 488
dtlsitead.com, 538
aster.it, 597
georgesmion.com, 572
lowcostpower.com, 367
johnsaey.be, 1335
vzkj.net, 1061
kartalkule.com, 536
countingpips.com, 368
fleurmusic.com, 369
vipbrands.com, 497
adoos.com, 488
toughcountry.net, 1122
cinnabar.cc, 915
naturalna-medicina.sk, 767
linksplash.info, 509
ttspro.com, 597
qkmedica.com, 362
freeconferencecallhd.com, 361
monitis.com, 647
arpnamehtaphotography.com, 578
conocophillips.com, 1123
dakotaeye.com, 489
intelligentadoption.com, 375
51wasai.com, 504
camdencentreport.com, 614
isoc.si, 464
lordswitness.com, 814
sandiegocubicles.com, 496
lifecharlotte.com, 492
bethappleton.com, 587
pandapow.us, 591
dilw.ie, 1242
spst.edu, 1017
meshmixer.com, 511
exceedingexpectationsllc.com, 910
khaokhotalamok.com, 476
leylandsdm.co.uk, 635
donberg.co.uk, 1103
ecole-movie.jp, 791
topcities.com, 1039
howardlindzon.com, 368
millionfareast.com, 486
shhzhiyektv.com, 1605
professionalmuscle.com, 369
talkrocktome.com, 489
platum.kr, 530
portalpublicitario.com, 702
hdcric.com, 741
whatismyip.com, 374
imb-jena.de, 773
scientificdrilling.com, 508
ikea.gr, 1051
biocell.ie, 1844
lesmargouillats.com, 515
musicindiaonline.com, 493
indicitalia.com, 1336
hotelmangalampalace.com, 482
ourpictures.com, 561
sonami.co.jp, 1049
laconic-records.de, 1560
vacationsdirect.com, 577
eu.pn, 796
sangmaestro.com, 371
rocketmatter.com, 510
114chn.com, 517
mettsrv.ru, 1606
birdiebikes.co.uk, 998
haninportal.com, 371
solofemaletraveler.com, 490
apssci.org, 635
dnstechpack.com, 657
neotext.ru, 1243
cleverpost.ru, 1579
ironsocket.com, 367
leczeniezatok.com, 363
drivesrvr.com, 548
featherhairextensions.co, 710
arabmoviez.info, 803
notegear.com, 506
zaprosto-internet.ru, 837
jsalaw.com, 401
campfreedom.net, 949
materielsnautiques.fr, 1479
patjobs.ph, 3692
frwebhost.com, 1193
centrsvm.ru, 1572
pitas.com, 371
universityofinnovation.com, 1052
educatedstrength.com, 558
ceoemail.com, 1321
qingjiaopidaiji.com, 505
kookej.cz, 234
carloerbareagents.com, 1227
ringcentral.com, 366
raptureinvenice.com, 606
ashmax.com, 563
confrerieduthe.org, 1200
seratnews.ir, 1678
dailycal.org, 639
asiaticsocietycal.com, 1103
kjnenterprises.com, 582
certilience.com, 659
------------------------
Number of queries: 5000
Number of timeouts/errors: 302
Error percentage: 0% (approx.)
