yoyopics.com, 296
ahintofhoney.com, 104
rawmmc.com, 108
rajdiscoms.com, 373
newsworks.co.kr, 840
t-rob.net, 209
aftcra.com, 205
whs.gov.hk, 12
hozamplaza.hu, 707
blacksondaddies.com, 164
topqpon.si, 121
contracts.ir, 694
comwales.co.uk, 3578
asianescorts.com, 11
poliis.ee, 328
lightswitchhelpwebsite.com, 9
dogaka.gov.tr, 334
thefuturebuzz.com, 17
buyphone.com.tw, 417
openmaps.eu, 309
incesto.blog, 12
airstop.sk, 301
turismoeslovenia.es, 221
declarationprealable.fr, 281
komodolabs.com, 196
vietnambiz.org, 154
englishisgood.blogsky.com, 212
nclat.nic.in, 176
rlz.org.il, 336
rainbowfcu.com, 12
mazda.fi, 330
brushopolis.myshopify.com, 11
sfcnclaser.com, 1320
csw.ac.th, 260
elviajedetuvida.es, 193
ballsure.com, 135
randovelo.fr, 285
magnovianacosta.blogspot.com, 103
comerartadvisory.com, 323
centroinox.it, 306
visit-vermont.com, 262
twce.org.tw, 293
stgeorgesweybridge.com, 278
reinforcing.com.au, 14
omastere.ru, 388
imarks.in, 600
sitesaid.ru, 220
edt02.net, 570
ourstravel.com, 219
fornacigrigolin.it, 596
spyonmen007.tumblr.com, 12
nissay-hp.or.jp, 236
girls-art.photos, 396
aulahispanica.com, 148
binomovietnam.com, 13
milprogramaspc.blogspot.mx, 106
tengokunoumi.com, 319
proscitech.com, 12
ict.govt.nz, 17
teatregoya.cat, 605
thefashionbible.co.uk, 206
medicalgenomics.ru, 666
pctravelbookingengine.ca, 13
kottosoft.ucoz.com, 277
alfred-versatile.tumblr.com, 13
sattamatka.online, 14
myguidereykjavik.com, 258
golicraft.no, 29
channellock.com, 399
greenwoodcarshow.com, 15
tokvila.lt, 373
lang-laser.de, 192
mediaevent.at, 43
qubena.com, 166
engawa.global, 106
kloptdatwel.nl, 107
milmag.pl, 293
ashford.gov.uk, 275
myvisualiq.com, 14
infominer.io, 15
unixcctv.com, 17
iciccongo.com, 229
thaihothit.com, 18
ulov56.ru, 610
fleekbabies.myshopify.com, 9
newsmake.net, 151
tiemposonline.com, 292
auto-insite.nl, 14
jumpstarter.hk, 145
gigameubel.nl, 550
showman1.com, 14
firewolfcounseling.weebly.com, 10
liquidagency.com, 12
windows10top.com, 214
sopranos-locations.com, 219
pitts.be, 285
solarclarity.nl, 568
malteesser.com, 215
wildpips.com, 173
aidcvt.com, 158
gremlintube.com, 162
cityofoviedo.net, 162
ssrs.cz, 739
wazp.io, 108
slubowisko.pl, 14
opioids.com, 415
eckeweb.com, 124
waterfordbikes.com, 412
transportforex.co.za, 542
isag.pt, 313
elblogdelmandointermedio.com, 719
attores.net, 447
qyvpn.com.cn, 497
levidom.com, 153
cbradioguide.com, 17
arsyusha.ru, 822
danstasteofsummer.com, 10
bookmeditationretreats.com, 16
newarkmotorauctions.co.uk, 12
cleverblog.ru, 692
succeedms.com, 152
webermel.com.br, 412
northwestmusicscene.net, 14
pantyhosed4u.com, 213
bareoaks.ca, 397
yggdrasil.pl, 315
grishko.com.ua, 587
huaydeddee.blogspot.com, 141
uae-group.com, 11
xvoiceover.com, 1180
szthks.com, 287
verticebs.com, 299
maihaoche.com, 470
loginmik.com, 150
hljkj.cn, 136
bedfordbulldogs.org, 12
hotelavailabilities.com, 14
bestmobiles.in.ua, 911
chukchansigold.com, 121
carolinaravassa.com, 105
nestleprofessional.us, 14
netbee.shop, 15
eporner.co, 26
danlawinc.com, 12
thereuschblog.com, 810
iida-riho.com, 111
nnplus.ru, 375
myswitchblade.com, 357
bylinkopedie.cz, 422
sexlox.com, 14
englishgrammarexpress.com, 15
au-agenda.com, 577
lapinkirjasto.fi, 334
oceanic.com.br, 1093
kraftwurx.com, 12
nabu-natur-shop.de, 300
secand.jp, 130
theshackbook.com, 278
macekasyn.cz, 155
nickbb87.tumblr.com, 10
birdhouseskateboards.com, 11
soulboundstudios.com, 29
forstamps.ru, 577
oak.go.kr, 434
nigrizia.it, 295
inidhu.com, 226
whastapp.com, 155
vitadigest.com, 212
nierautomata.xyz, 17
protelescope.com, 17
tbgym.com, 296
webcam-weather.eu, 2059
ezmls.com, 14
ohioswallow.com, 105
mbus.co.za, 492
agiletesters.com.br, 903
spud.com, 29
greenwichpeninsulagolfrange.com, 15
premiercadeau.com, 295
mediaonegroup.ch, 605
interviewkiller.com, 292
aniq.org.mx, 199
app12345.com, 1523
itslb.com, 158
cyb114.com, 414
deerantlerplus.com, 10
winds-score.com, 212
mobilecitywireless.com, 272
hebamme4u.net, 311
i--gu.ru, 907
wifepornpics.com, 106
sveza.ru, 868
6-6-w.com, 228
whamisa.de, 194
studnet.net.ua, 2954
creditservice.su, 669
longsnake88.com, 14
hardbase.fm, 18
blackeyedpeas.com, 21
exotic-erotics.com, 13
gimnastikasport.ru, 627
orsiitaliani.com, 177
screwsandmore.de, 15
booyakashaa.com, 290
vse-kursy.by, 823
gmflymedia.com, 305
dewalt.com.mx, 120
dcmosquitosquad.com, 125
civ-wiki.de, 306
uchinghd.blogspot.in, 107
nonburari.jp, 16
51surfing.cn, 312
govco.co, 194
ifps.org.pl, 206
ponyturf.free.fr, 286
howardpianoindustries.com, 120
pitbook.com, 426
anteprojectos.com.pt, 307
handsfreelink.com, 164
love17789.tumblr.com, 12
webmaster.net.pl, 313
brivis.com.au, 14
bisnishack.com, 316
ifsanimal.com, 455
scryptmail.com, 25
hamradio.net.gr, 901
handbalinside.nl, 1436
hackadoll-anime.com, 122
pakistanaffairs.pk, 112
lntebg.com, 169
paktimes.pk, 276
vpsforex.ru, 332
funnydogsite.com, 111
jsise.org, 118
edugroupe.com, 302
odishabuzz.com, 353
geronimo.it, 306
sarov.ru, 582
12voltdata.com, 177
dealersuite.com, 201
coindsk.com, 298
h5datacenters.com, 11
arsus.jp, 232
costatic.com, 13
playzo.de, 295
midtownatl.com, 11
ones-style.jp, 116
charpente-total-bricoleurs.wifeo.com, 279
vocabolaudio.com, 165
turboentrada.com, 223
nargil.org, 509
gotvarstvo.bg, 327
xn--b1ahhahznja9a.xn--p1ai, 625
hyipcom.com, 283
pilkey.com, 11
brokenpaintbrush.com, 182
guerciotti.it, 307
djembefola.com, 235
21474.tumblr.com, 12
eliquidmania.com, 106
vomit3d.com.br, 905
apasionadadelasredessociales.wordpress.com, 14
megacriativo.com, 18
oaa-accessibility.org, 18
briansclub.at, 41
lime-mortars.co.uk, 18
moritz.com, 608
uskudarsanat.com, 332
cue-products.com, 370
may-press.com, 115
kellenams.com, 17
sodomized.info, 308
privilegesletters.com, 40
intras.fr, 558
tnfactorydirect.com, 121
midlandchandlers.co.uk, 131
ohueli.net, 209
xn--h1aagpbh6b.xn--p1ai, 330
fiatpandaclub.nl, 825
dosbrains.com, 104
litsoft.com.cn, 462
eshcosazehgostar.com, 579
cameraneon.com, 15
adiosatujefe.com, 20
messages.fr, 572
casalprocuracasal.com, 12
bhagwati.org, 227
dkilbo.com, 106
chujnia.pl, 224
harikesanallur.com, 271
sextube.space, 200
59gg.cc, 117
quantummachinerygroup.com, 272
netseenergy.fr, 554
guamjobsonline.com, 166
wrprates.com, 347
rpcmp.ru, 373
cpni.gov.uk, 288
mariohugo.com, 13
xn----gtbdmohbpajtp0j4b.xn--p1ai, 632
adres-ip.pl, 572
radioswhplus.lv, 353
adcrescendo.com, 319
dealmonster.co.uk, 13
nzcermarking.org.nz, 38
kleuterportaal.nl, 298
simsiki.ru, 3143
streamslycs.com, 106
macaulifestyle.com, 14
cruisesheet.com, 16
mattcromwell.com, 17
nordita.org, 589
studiomoniker.com, 120
appleismo.com, 13
psbbmillenniumschool.org, 283
tecidos.com.pt, 203
eccemergency.com, 182
barellolens.com, 11
icsoutsourcing.com, 309
kruchten.com, 10
tzsucai.com, 417
safari-lodge.fr, 291
tk.ac.kr, 481
foxdad.com, 11
cuisine.in.ua, 729
krups.com, 12
idss.com, 12
cuatrogatos.org, 150
tali.de, 293
webdelabelleza.com, 162
deloitteconference.com, 156
ohgratisporrfilm.com, 224
captaingeorges.com, 15
standon-calling.com, 194
webyeshiva.org, 15
picalica.net, 152
viralviralvideos.de, 579
pro12rugby.com, 15
hotbestporn.com, 121
onemorecoming.com, 120
pornos.com, 280
nickheaven.weebly.com, 11
blogram.jp, 156
eichsfeld-gymnasium.de, 298
wildeastfootball.net, 160
orville.com, 10
egapark-erfurt.de, 293
malignani.ud.it, 282
mp2energy.com, 120
fazergroup.com, 26
modeli3d.ru, 618
mygareclub.com, 387
zdatainc.com, 18
blakeshelton.com, 15
india-ifs.com, 307
psgstream.net, 15
souznik-airsoft.ru, 320
euromillions.online, 18
12streetgym.com, 166
riomarrecife.com.br, 594
myairbags.com, 12
sharkfin.ru, 532
finfloor.com, 120
sibelco.sharepoint.com, 488
incubator24.ru, 539
back-panel.jp, 145
alta-frequenza.corsica, 357
hannover24.ru, 604
mymusicradio.co.uk, 27
bookkeepingchef.com, 104
fekraneh.ir, 986
childrensministryleader.com, 21
appsformarketers.com, 214
urlof.site, 404
bitsum.biz, 29
encoded.io, 18
e-tributs.cat, 284
massmedia.blog.ir, 726
agrolib.ru, 621
askbcb.tumblr.com, 12
vdmt.com.ua, 16
jobformodel.com, 17
eedirectory.com, 342
plus-skateboards.com, 192
vwstockholm.se, 30
accurate.id, 211
bishopwatterson.com, 11
region-vysocina.cz, 693
venditacasette.com, 699
os-helper.ru, 306
tns.world, 312
elfon.com.pl, 217
sharing.org, 105
overdrive.io, 14
tranhtheuchuthap.vn, 156
diep.ie, 590
krishna.zp.ua, 582
marquesdezas.blogspot.com.es, 100
charme-beauty.ru, 532
jinolog.com, 153
next.cz, 710
comarch-cloud.pl, 16
alexandani.jp, 14
yonderauto.com, 298
cash-for-your-home.org, 107
ultrafractal.com, 553
elsaposabio.com, 304
ozelguvenliksinavi.com, 384
abbymodels.com, 298
seo-zona.ru, 231
teaplus.com.tw, 214
piqza.de, 299
buylittlecigars.com, 510
webkype.com, 296
sakanano.com, 336
quangphuong.vn, 868
suter.ch, 308
s0ciali5t.com, 104
coverfriends.org, 493
cuixx.com, 13
szyaoxin.com, 156
estilorenner.com.br, 904
channelcoast.org, 562
demidich.ru, 686
hortimail.over-blog.com, 568
wonkwang.ru, 679
stugon.com, 17
los3dragones.com, 714
actt.it, 1873
fixturesanddisplays.com, 230
mainpath.com, 16
ataturkdevrimleri.com, 18
klassnenkiy.ru, 388
cera.be, 409
whiskyhammer.co.uk, 16
franceluxe.com, 167
morningfalls.com, 13
rankmyapp.com, 17
rapidepub.com, 10
newsprawah.com, 168
trimbos.nl, 30
tracker.co.uk, 108
caracter.ru, 323
sarkaribanglacollege.gov.bd, 607
tattoodaze.com, 354
chanelpreston.com, 15
petmarket.rs, 638
motovest.pt, 595
yekzendegi.blog.ir, 594
ketabcha.com, 305
cafea.fr, 104
menz.today, 16
xiglimited.com, 13
drunkentop.com, 222
himalayau.com, 24
lamar.edu.mx, 425
cellpack.com, 408
ado.immo, 17
carmanualsonline.info, 15
criticalmediaproject.org, 15
mundoportugues.org, 16
fjnet.cn, 140
kaloree1.com, 15
cinema-palace-cameo-metz.fr, 582
writethatscene.com, 10
futsal-freak.com, 145
chinhgoc.vn, 172
js-company.ru, 676
trackermarine.com, 13
shodensha-inc.co.jp, 227
fliesendiscount.de, 13
ana-exjapan.com, 153
groundupmusic.net, 171
dialogimam.com, 589
drumazon.com, 417
vworker.com, 124
pharmacydepot.gr, 107
giveaway4.com, 154
wpanet.org, 15
gzmk.ru, 620
greekcitytimes.com, 108
spotnaked.com, 120
taquillaoficial.com, 385
inseminazioneassistita.it, 13
meucerebro.com, 14
knopnews2.com, 13
aifb.it, 445
meslekciyiz.com, 334
generosity.org.nz, 116
nexus.ao, 967
amazingchoice.com, 215
sprzedajemytkaniny.pl, 190
flo-cert.net, 428
gtalk.us, 213
steadyturtle.com, 153
peleg-design.com, 15
securitas.com.tr, 12
southdakotaworks.org, 13
hb-web-design.com, 337
ihlassondakika.com, 261
peep.asso.fr, 295
associatedbag.com, 16
flyuvet.it, 15
mukke.in, 481
metric.ge, 382
ecofinagency.com, 14
designdirectory.co.uk, 196
chaircrazy.co.za, 155
iruna-online.weebly.com, 10
thecolonytx.gov, 122
gaypornlove.net, 18
drjeandoddspethealthresource.tumblr.com, 13
wearewrkshp.com, 15
yamatojk.co.jp, 226
plazahollywood.com.hk, 276
ikalender.org, 282
capc-bordeaux.fr, 738
dgr.su, 535
3m.com.co, 163
bonoschile.com, 191
mauroscardovelli.it, 300
outy-store.fr, 16
ruletkacsgo.ru, 335
abraxasenergy.com, 218
airplantsupplyco.com, 10
loteriasantander.gov.co, 227
sakums.com.ua, 296
exponential.jp, 171
themreport.com, 17
xwebbest.ru, 629
davidoffgeneva.com, 14
oceancredit.ro, 142
books-world.net, 17
phowd.com, 17
iopen.cn, 345
yatinmg.tmall.com, 17
femalefranchise.co.uk, 220
p-s-b.com, 259
barter.es, 300
gibrick.com, 228
rechtsanwaltsgebuehren.de, 193
nolte-moebel.de, 194
kaibicy.ru, 863
farmstay.co.uk, 283
oholocaustoanimal.wordpress.com, 11
yogateachers.ru, 522
costumingdiary.com, 13
rueckenwind-luebeck.de, 304
piauiemfoco.com.br, 897
openbeelden.nl, 548
elbalcondemateo.es, 285
hotbfvideos.com, 116
merlinprojects.com, 19
ajudadireito.com.br, 708
ipagare.com.br, 503
kinesi.cat, 583
cmosic.com, 308
bluecrossofindia.org, 447
beetjespellen.nl, 553
clisel.com, 338
puce-tique.fr, 594
sisimtel.com.mx, 167
xhott.com, 15
kholodenko.net, 13
kitsap-humane.org, 213
zbraneostrava.cz, 694
odjazdowenaklejki.pl, 318
rafn.com, 166
davitamedicalgroup.com, 27
freeandnative.com, 25
irankanaf.ir, 590
britishcat.net, 421
nutrisavings.com, 428
sougouhoken.jp, 275
hokibandarkiu.com, 213
storm-technologies.com, 23
khawaran.com, 296
nothingbutrealblues.blogspot.be, 103
keea.info, 282
7asriiyat.blogspot.com, 103
volksbank-erft.de, 14
waytm.in, 14
sagoma.info, 303
economiafenix.wordpress.com, 11
isgroupe.com, 284
ingat-allah-swt.blogspot.co.id, 102
duniaterbaru.com, 359
givemebackmyfivebucks.com, 121
smeenk.com, 558
atomicfilament.com, 16
momspussy.net, 20
datagif.fr, 16
damsonaudio.com, 120
djmast.fr, 292
sunvision.co, 16
dekodiz.ru, 528
taboomothertube.com, 284
buleipotan.com, 231
stripclub2u.com, 116
russelldavies.typepad.com, 14
clasesdrdru.wordpress.com, 12
zema.su, 636
banknot.pl, 191
tsinghua-sz.com, 328
opticaltransceiver.com, 274
idslogic.com, 15
zeroth.ai, 16
epilogue-gakuen.com, 108
axelor.com, 578
etudepsychologie.com, 210
plantsthejewellers.co.uk, 195
archive-com.com, 269
aviba.ru, 680
starwarscelebration.com, 19
hilal.gov.pk, 18
upparamatrimony.com, 254
techempty.org, 235
zyciesiedleckie.pl, 193
matttroy.net, 17
ecoc2017.org, 319
youngteensexphotos.com, 15
easy-movies.ru, 320
mondoaffariweb.it, 306
byndyu.ru, 833
9choke.com, 273
indybrandclothing.com, 15
temperedglass.ro, 302
tassimo.co.kr, 284
winm88.com, 398
ontariofishingcommunity.com, 27
ottopizzeria.com, 26
ptservidor.pt, 900
gotoplex.com, 119
bjbqhb.com, 771
catalog.com, 279
slimsecret.ro, 448
horancares.com, 114
spanishclassonline.com, 184
silvanademaricommunity.it, 585
happytc.com, 315
gjwtitmuss.co.uk, 553
mylifeatkroger.com, 198
siostry-sc.pl, 311
uscannenbergmedia.com, 27
frontlinegenomics.com, 11
iferp.in, 116
autopowerhouse.com.au, 17
agelyance.com, 210
passeportmtl.com, 17
zenit-history.ru, 995
powerbankguide.com, 158
hippiehollow.com, 16
mamiwata.com, 253
piramidasunca.ba, 193
adviuz.com, 120
isopweb.cz, 440
top.edu.cn, 337
aventuraycia.com, 293
findforsikring.dk, 592
heavytools.hu, 600
muhasebeuygulama.com, 426
hametova.ru, 1008
pravnilinka.cz, 708
universityathlete.com, 17
transtastical.tumblr.com, 13
limh.me, 586
davidsonwp.com, 160
karlivka-mrada.gov.ua, 20
janisoftwares.weebly.com, 11
talkwithme.ru, 624
pnu.edu.ph, 145
famem.org.br, 1697
mmorpg.website, 218
adaptivebio.sharepoint.com, 274
kounenki-sapuri.biz, 252
jti-partner.ru, 675
igruny.blogspot.ru, 410
moejp.com, 287
visititaly.com, 318
mon-comparateur.fr, 295
calidaria.com, 313
officersclub.com, 14
quakeworld.nu, 16
mein-zaunshop.de, 112
k9grass.com, 161
asiaherbassociation.com, 132
stephaniejoanne.com, 13
homeplaytv.com, 409
lulusdrawer.com, 557
a-sms.ir, 655
iglesiasanjosemaria.org.mx, 194
alkogolno.ru, 516
dc-center.jp, 119
invert-it.pl, 314
kleingartenwelt.de, 14
indo-wholesale.com, 115
redzuan-ridz.blogspot.my, 105
huion.com.pl, 907
lepasjenuh.com, 115
chantal.tv, 204
mondial-reisen.com, 298
rikochanpornstar.com, 12
box3.net, 609
horskasluzba.cz, 108
irtsaquitaine.fr, 288
e-batoh.cz, 438
onqmarketing.com.au, 16
greenmountaincbd.myshopify.com, 14
cruelnetwork.com, 298
hrpworld.com, 213
schulefriesgasse.ac.at, 1172
touring-italy.net, 289
silverage.cn, 551
dornaweb.com, 118
flowerprincess.tmall.com, 18
degoedkoopstenotaris.nl, 125
ipad.com.br, 802
mebel.uz, 399
f-notes.info, 153
tob.rs, 319
kilkimzaibu.com, 396
loreal-paris.com.sg, 13
iranquebec.ir, 572
stophavingaboringlife.com, 213
majyx.net, 17
pyracloud.com, 261
solopreneur.fr, 288
kassabasystems.com, 637
mfc.com, 14
wein-plus.it, 15
jennyvalentine93.tumblr.com, 12
wackerneusongroup.com, 298
shopilovejewelry.com, 158
homeshoppingista.wordpress.com, 12
raquettebreceenne.com, 574
club-prive-des-parieurs.com, 12
megpanel.com, 16
wpcourse.com, 15
autodr.ru, 528
bigakko.jp, 207
credencial.online, 14
snaptube.com, 250
ntsc.org, 13
magirema.com, 15
promotionalproductinc.com, 211
sierrawell.com, 14
geoport-lk-mse.de, 295
zo-oikologika.gr, 681
roomfullofspoons.com, 213
direct-israline.co.il, 687
titantrade.com, 13
caucasusgeography.blogspot.ru, 103
teenydevil.com, 15
ultramusic.com, 18
internetmarketingcourse.com, 15
chrysalis-jpg.tumblr.com, 13
tijon.com, 150
jdramacity.blogspot.com, 140
go4sales.xyz, 15
kn926.com, 145
gubernia74.ru, 1146
foxpox.ru, 581
eyenshop.com, 146
nseifsc.com, 275
sixfigurephotography.com, 151
favelaclothing.com, 193
duggarswithoutpity.blogspot.com, 105
partdav.free.fr, 291
exacom.ru, 1035
mazzonettometalli.it, 278
concorde.io, 16
radiogeracao.com.br, 405
diplotop.es, 293
nguoibentre.vn, 301
lclad.com, 149
592fs.cn, 23
posters.de, 552
gefragt.net, 633
tamilkingdom.com, 13
intratec.us, 13
vanmetrehomes.com, 10
dietadukan.it, 292
premierecollectibles.com, 331
thisisups.tumblr.com, 12
growgarden.cz, 452
nicennaughty.co.uk, 294
uticafirst.com, 359
seouleins.com, 155
blackvue.ru, 387
outdoor-military.cz, 707
ahujapaworld.com, 441
bit-economy.news, 122
nrf.eu, 292
g12brasil.com, 338
acfei.com, 15
birlainstitute.co.in, 300
flightplanet.com, 289
ajgroupholding.ch, 15
earsplitcompound.com, 323
goodcheaponline.pw, 112
idleminertycoon.com, 36
vast.gr, 663
takuyo.co.jp, 115
niemann-frey.de, 290
jollibeeparty.com, 18
mastiholiday.com, 274
ligature.ch, 296
fundacion-canna.es, 584
kim-fornor.tumblr.com, 12
engageeducation.org.au, 45
louislouise.com, 579
isport22.com, 110
gidatarim.com, 120
vyazhem-detyam.ru, 615
thomortiz.tumblr.com, 13
blownmotor.com, 192
welcometoplainview.com, 15
wydawnictwopw.pl, 305
inchbug.com, 148
inibiru.com, 550
dalloyau.co.jp, 121
melissa-li.ru, 529
arpaco.ir, 961
icid.org, 364
weeky.es, 565
hljvisa.org.cn, 528
youngteensarefit.tumblr.com, 12
get-freeebook.blogspot.com, 103
norco-group.com, 14
bonus.is, 15
elvispresleynews.com, 12
notesforpakistan.blogspot.com, 102
honestlyconcerned.info, 405
test-otveti.ru, 634
zynbit.com, 14
zenbyte.net, 352
freeones.be, 572
pohudet.org, 579
top-garage.fr, 15
sfmtraining.tumblr.com, 12
healthcaresolutionsathome.blogspot.com, 102
sciencetopia.net, 118
gentleman-thug.tumblr.com, 11
bayager.com, 413
forexparadise2.biz, 111
komi-nao.ru, 525
hrn.io, 223
fun4child.ru, 318
bio-suisse.ch, 17
getsysteminfo.com, 372
gulfcoastcommunityfcu.com, 263
lafosse.com, 11
appsclick.net, 159
sneakerstock.ru, 308
wpdesign.in, 108
bilecik11.com, 336
amigostravel.eu, 648
insightiq.com.au, 112
magnalunaarts.tumblr.com, 11
pfr.kirov.ru, 636
avoidting.club, 13
kanpurdehat.nic.in, 370
voba-vorbach-tauber.de, 305
nhadathaiphong.vn, 170
foto-koester.de, 145
djroberthelrey.blogspot.com, 103
pennystockplay.com, 15
nieuwsenweetjes.com, 16
high-rely.com, 107
pandakindermoebel.ch, 581
homepage-buttons.de, 309
uhren-park.de, 194
chronosage.com, 156
foodics.com, 18
registropop.com.br, 800
rrc.ru, 679
pickforwin.com, 316
rihac.com.au, 45
prorybu.ru, 822
werewolftech.com, 271
sclvshi.net, 165
parkbytext.com, 330
proalpha.com, 279
cog.de, 16
pfikyokai.or.jp, 145
pixarplanet.com, 113
elitecat.cz, 680
outside.co.uk, 15
dometic-service-muenchen.de, 194
mundoletras2009.blogspot.com.br, 140
r-world.com, 13
juick.com, 714
5core.com, 150
januketranslations.wordpress.com, 13
notiziare.it, 301
cuisinorama.com, 18
bellevuestrawberryfestival.org, 12
tamagawakan.co.jp, 118
motomarket-shop.gr, 733
whitewomenblackmen.com, 15
zthailand.com, 278
process-heating.com, 15
maxidej.ru, 619
utntyh.com, 212
justdoondo.com, 150
cfanhome.com, 239
formetris.com, 555
denylist.com, 332
bruinteamshop.com, 306
tripgate.net, 128
the-sos.com, 474
omegabrandess.com, 400
santquirzevalles.cat, 307
coopmarket.com, 21
riigitootaja.ee, 633
his-kaigaihatsu.com, 124
hitomis.com, 260
nehartravel.com.mk, 716
theballetblog.com, 45
sescpantanal.com.br, 898
mye2shop.com, 14
solarimpulse.com, 298
status-kurs.ru, 676
asian-anal-porn.com, 504
cmsa.org, 259
marquettewire.org, 13
coldist.com, 15
supper.london, 109
funteensex.com, 281
heradas.lt, 383
v-mahdieh.ir, 779
etap.org, 191
puffberi.ru, 697
petridi.gr, 331
iwavejapan.co.jp, 117
empirepromos.com, 159
mogwandogfood.co.jp, 20
sun2198.blog.163.com, 144
lena-mozya.ru, 589
pbmh.ac.in, 17
standardia.com, 150
cocoweb.com, 296
latiendadeuo.com, 13
realgreen.com, 118
fkids.net, 110
ppfaccountonline.in, 347
vwpartsnation.com, 16
asealia.com, 306
rumia.pl, 208
phizzurp.com, 14
cydd.org.tr, 339
plopsacoo.be, 285
emc.com.br, 599
lesglorieuses.fr, 111
mahjongeaster.com, 16
concretedecorshow.com, 430
enlightedinc.com, 24
everycollegegirl.com, 214
craftanimations.com, 122
vyaskn.tripod.com, 620
topsecret.no, 540
bashanfoundation.org, 16
eurobuslines.com.ua, 697
bicycleadventures.com, 110
thebetarena.com, 153
techinbrazil.com, 536
mkbc-tour.lv, 643
aodinuojj.tmall.com, 17
suporyt.tmall.com, 20
mirthprovisions.com, 15
jlsa.or.jp, 117
fifthharmony.com, 17
tntpteachingfellows.org, 12
mayflower.com.my, 120
idposter.com, 15
partydeko.ch, 306
hecom.cn, 173
trips100.co.uk, 18
forotarantulas.com, 296
pro-page.jp, 118
fahares.com, 16
333afo.ru, 693
gardeningtips-now.com, 217
glneurotech.com, 13
theblog.de, 14
mahancharge.com, 1147
mountvernonwa.gov, 337
bell.ch, 596
xxx-69.net, 15
cumminshub.com, 13
powerscreen.com, 155
d-edge.com.br, 494
cmg.one, 280
galleryaplikasi.com, 215
troubles-bipolaires.com, 404
ravy.ir, 1204
jaxbicycles.com, 204
salonservicegroup.com, 14
nic.md, 586
xiaomiscooter.wordpress.com, 14
sarayhome.gr, 908
kiyanet.ir, 685
benchmarkinstitute.org, 169
pptx.ir, 681
homann.de, 277
itnew.eu, 345
berwirausaha.net, 229
indianagrand.com, 16
vivovape.com, 118
verholy.com, 306
perelson.com, 306
harshaindia.com, 17
chineseshaolins.com, 138
voxxelectronics.com, 106
lux-camp.pl, 12
oxalis.cz, 160
amirkabir.net, 394
kombihocasi.com, 29
rockconfidential.com, 371
zebranomobilya.com.tr, 16
directivosplus.com, 585
nixplaysignage.com, 130
benimatic.com, 161
nwt.net.br, 809
newsofthesouth.com, 579
4x4direct.co.za, 739
jonochrome.com, 266
shopmania.com.mx, 186
urist-rostov.com, 290
samtuoingoclinh.com, 164
new-launch-property.com, 287
onlainfilmix.com, 28
azuniatequila.com, 151
lmlblog.com, 143
salou.cat, 598
pamline.com, 284
carolinaoutreach.com, 29
beach-galleries.com, 153
intermargins.net, 16
gururi360.net, 136
huggies.com.mx, 16
hoelzle.ch, 121
gocool.ru, 335
pmwebinars.ru, 641
easydefine.com, 169
dmitriy-sivak.livejournal.com, 11
hotpackuae.com, 156
victorenginescripts.wordpress.com, 13
scilogs.fr, 571
mahoneswallpapershop.com, 224
optimalprint.no, 118
coldfury.com, 293
dpz.com, 152
adec.org, 216
outdoor74.ru, 531
pop-verse.com, 590
transunion.co, 12
duniaiptek.com, 255
mbs-potsdam.de, 293
ignitioncreative.com, 258
mysweatypursuits.com, 281
megatv.vn, 154
caspianshop.ir, 415
js-sphere.net, 16
dadakinder.com, 16
rolaproducts.com, 153
skuzzles.com, 156
wakanow-addons-wps-production-prod.azurewebsites.net, 118
fastesttv.com, 307
metalroofingonline.com.au, 18
archik.fr, 13
circuitboardmedics.com, 199
watchcoins.net, 14
wikifortio.com, 120
femdommed.tumblr.com, 11
obedientenena.blogspot.com.es, 102
southbaycu.com, 13
dallasspankshard.com, 26
airwave-club.ru, 620
lp-up.com, 14
surveyunion.com, 142
catalunyaexperience.fr, 15
3dprinterworld.com, 26
infometer.org, 294
bazar.tools, 1815
swissmilitarytime.ch, 580
afpcheck.com, 164
ebf.cat, 324
outletexpert.sk, 299
madbobpicks.co.uk, 226
onstellarrays.com, 39
hkphone.net, 498
brightery.com, 16
kannaihall.jp, 121
keltymentalhealth.ca, 215
creatures.co.jp, 106
itic.org, 408
hospitalityupgrade.com, 211
redlg.net, 532
nhaxinhplaza.vn, 13
bungeisha.co.jp, 115
gsc-game.ru, 2909
katedeering.com, 155
d3boards.com, 293
videoredo.net, 348
highgrovegardens.com, 109
3lameayoub1.blogspot.com, 101
lactationtraining.com, 214
gresten.gv.at, 621
global-serve.com, 192
hackmac.org, 194
agronegocios.es, 15
mama-dame.com, 122
ubercomunicados.com, 14
jj-group.jp, 149
novezamky.sk, 306
shoparbor.com, 313
autonomera777.ru, 549
writersvillage.com, 309
bestclips.org, 108
lvumusic.net, 359
rockcinema.eu, 343
szexvideok.hu, 584
playvideolink.com, 311
cumberlandmall.com, 120
softwear.nl, 118
rockfordrecords.com, 159
aymeric.net, 282
nbuc.net, 419
allnutribulletrecipes.com, 212
consumables.co.nz, 14
viktoriaandwoods.com.au, 13
barceloweddings.com, 105
spawn-share.blogspot.com.br, 103
eatsimply.de, 305
fpesales.com, 379
lamphim.vn, 108
apritos.com, 205
kubity.com, 294
101giteinliguria.it, 306
fivchannel.blogspot.sg, 104
web-pc.kz, 2533
2mir-istorii.ru, 927
domain-girls.guide, 17
byojet.co.uk, 14
coltulcameliei.com, 14
theartsclub.co.uk, 510
hbk.com, 151
directive.com, 29
sdrtraveller.com, 181
beic.it, 303
nestle-contigo.cl, 13
mejorescolegios.es, 12
omelhorplanodesaude.com, 296
huawei-info.de, 191
netcologne-schulsupport.de, 291
kolledgsvyazi.ru, 664
hashlearn.com, 157
nalivator.com, 452
7astro.com, 212
elmirastoveworks.com, 17
transfer-iphone-recovery.com, 302
phjacus.pl, 308
xuui.net, 247
tulodz.com, 627
coutie.com, 121
nusantarabet4d.com, 19
jav.re, 16
sofahelden.com, 16
imagine-ps.com, 16
fashionntrend.com, 355
rsgoyal.com, 217
usi-laminate.com, 262
theidealwriters.com, 15
mixxt.com, 15
tajikta.tj, 169
suspension.com, 14
mysinchew.com, 18
stroyberg.ru, 638
slcs.us, 336
wowdigsite.com, 224
decoraid.com, 162
youthspeaks.org, 217
un.dk, 296
phantastike.com, 330
emilycottontop.com, 10
ncdc.go.ug, 824
marylebonevillage.com, 420
ktel-zakynthos.gr, 144
colormine.org, 165
acs.gr, 425
escuelainfantillaestrella.es, 725
mobaj.net, 12
tiger.com, 167
nimtweb.org, 13
fortiveconnect.com, 129
beadsofbullets.com, 318
skapatech.io, 14
neodomaine.com, 285
smestorage.com, 112
samtulana.ru, 332
youbabyandi.com, 16
b3eshop.com, 295
gbtools.co.il, 18
leanfrogdigital.com, 213
watchworld-shop.com, 122
mutualofomaha-lifeinsurance.com, 202
edconsteel.com.au, 13
bergenbibliotek.no, 308
cenetrionline.org, 14
topband.com.cn, 192
freedownloadsoft.net, 220
nrcncte.in, 19
adams1.com, 160
skyfold.com, 13
imprentamania.cl, 258
domains.com, 14
cloudate.net, 431
classroomteacher.ca, 17
driversforum.net, 232
jeuxmots.com, 15
gut-heckenhof.de, 17
bureau-va.com, 131
dominity.com, 707
otivent.com, 556
astroknowlogy.com, 193
wiadomosci.olsztyn.pl, 640
beach-property.com, 29
lwhnepal.com, 239
soleraservices.hu, 319
arkbark.net, 14
vinylrecorder.com, 868
diamondtraffic.com, 284
beautyflash.co.uk, 18
sinn.no, 17
easygiga.com, 16
girdtechnologies.com, 120
solpeeling.com, 16
twincitiesgasprices.com, 16
viceincomics.com, 298
marshallmemo.com, 107
opovoo.com, 16
hdpics.co, 153
quotaguard.com, 17
gastarbajteri.com, 205
danielco.com.hk, 21
internal.org, 224
matrixdata.es, 602
009090.com, 117
07668.com, 160
lakesidelink.com, 19
admin.by, 621
bruderleichtfuss.com, 271
kurshi.lv, 343
echo360.net, 107
tempauto.su, 921
globysonline.com, 121
mdig.fr, 291
tannerite.com, 179
herbalife.pt, 67
uds-net.co.jp, 121
nuruliman.ru, 611
bilisimruzgari.com, 15
afbeeldinguploaden.nl, 16
wwiiimpressions.com, 261
artistsandart.org, 227
berlys.es, 16
plantandflowerinfo.com, 166
imrussia.org, 12
haustechnikverstehen.de, 295
qaronline.org, 770
pukkainc.com, 15
mikamar.net, 15
riverraftinginrishikesh.com, 170
koweziu.edu.pl, 36
plantlife.org.uk, 17
networkhealth.com, 22
sumava.net, 313
bizminer.com, 27
kraftwerkmuenchen.de, 212
wasumasyo.com, 119
medigames.com, 430
paycartpro.com, 15
ospgaworzyce.pl, 638
nhsd.org, 260
rainworx.com, 358
unofficialcardboard.com, 114
wydpt.com, 213
arriba-erlebnisbad.de, 291
xichen.com.mx, 171
economics.kiev.ua, 322
free-engineering-books.com, 23
hiroshimafuchu-aeonmall.com, 226
happyhomes.se, 61
glatt.com, 299
boiler.ua, 317
fizcult.by, 617
sapkabereatki.com, 473
seasonwithspice.com, 14
researchnreports.com, 14
yokohama-web.net, 294
notitie.me, 115
colocate.com.sv, 275
sbtjapan.co.jp, 117
lonestarlearning.com, 15
awcda.ca, 352
londonpopups.com, 15
ia.gov.ae, 391
kapitan5o.tumblr.com, 12
mt.uz, 536
karupsmix.com, 17
reabit.org.ua, 619
unikmetal.ru, 230
mombu.com, 311
ecbb.jp, 259
pierrelechelle.com, 454
ctsys.com, 157
itulip.com, 308
tonarineko.com, 1119
navi-gator.online, 320
mybayshore.ca, 171
bistro-express.co.uk, 16
starmagichealing.com, 8
hungys.xyz, 18
rupkatha.com, 307
baainbw.de, 324
world-of-pizza.de, 195
takelink.ru, 624
fiui.org, 351
ijuyyasostory.blogspot.com, 103
garmentdistrict.nyc, 407
toko.edu.tw, 297
wwszip.pl, 191
modelmodelhair.com, 260
hameleon-market.ru, 279
chinesetodays.org, 16
gazetaderosario.com.br, 809
slyyebh120.com, 297
tianyantong.site, 12
inboundcommerce.com.br, 457
swypcard.com, 111
moralsensetest.com, 294
xubuntu-ru.net, 448
qualidea.jp, 163
sydneypoolstoday.com, 15
secop.com, 26
agiv.be, 278
guytrefler.com, 13
fivestargulfrentals.com, 610
petiteteenagergalleries.com, 213
arctic-news.blogspot.com, 141
araon.by, 613
iesjovellanos.com, 310
programmkino-ost.de, 294
fundyoursuccess.com, 153
islamosetia.ru, 618
mindd.org, 13
prokomp.ru, 526
dixim.net, 220
lib-rary.com, 12
jaguarclubpoland.net, 304
comicstores.es, 309
mine.tech, 343
my2110.ru, 640
nks.kent.sch.uk, 286
porno-33.com, 228
starpbridis.lv, 597
saturdayblitz.com, 80
findtutorsnearme.com, 228
the-butcher-x.tumblr.com, 12
alexandras.gr, 390
baibaoyun.com, 679
centrum.tmall.com, 20
cma-cgm.co.kr, 434
spot-a-shop.fr, 15
in4wp.ru, 514
amautaspanish.com, 386
thehealthstore.ie, 547
kaiscissors.com, 192
transfond.ro, 1533
rcra.ca, 344
finallygrowinup.de, 294
chikahyou.com, 148
esseninternational.com, 330
seo-london.org, 276
interelgroup.com, 16
retirementmillionairedaily.com, 16
jobapplicationreview.com, 199
myalphawallet.gr, 633
ntrepidcorp.com, 25
meuresultado.com.br, 1697
tomar.sk, 588
zeroempathy.net, 15
jpjkpptest.com, 16
mrpoecrafthyde.com, 15
stellajoff.ru, 541
grandavenue.com, 13
dabrigdeals.com, 30
futurist.se, 293
quickaccesspopup.com, 205
wapzeek.com, 367
zaojuzi.com, 646
nkhagahi.com, 217
optimus01.co.za, 505
wideshop.pl, 608
juniane.fr, 578
celular.pro.br, 977
blueantmedia.ca, 13
heino-cykler.dk, 548
unicons.vn, 308
frufruta.com.br, 494
intp.org, 305
iu.be, 557
napsronline.org, 183
baharanschool.com, 430
www.ac, 15
yijia.com, 138
zasyaz.com, 225
dontlinkthis.net, 313
nitijoublog.net, 261
marine.cz, 727
bobobobo.wordpress.com, 13
seikathuhogomanabou.com, 115
askbaz.wordpress.com, 12
paradisoescape.com, 14
yung.cloud, 283
8mundo.com, 158
banjobrothers.com, 306
pneumaticaddict.com, 108
roadtogaminglinks.blogspot.in, 106
materialarchiv.ch, 581
sureapp.com, 272
mundialdownload.wordpress.com, 12
xsucht.com, 17
webcom.com.mx, 18
mlanet.org, 107
juegosdelogica.net, 282
lfsturkmods.blogspot.com, 103
tcorolla.net, 280
choeur-en-fete.com, 19
megalesbianporn.com, 17
meteorete.it, 546
happyhealthyco.com, 15
mental.ge, 503
rang247.com, 154
salesgeneration.ru, 624
senatus.net, 690
vistasystem.com, 15
underspy.org, 110
soundocean.co.kr, 636
lcatherina.wordpress.com, 12
rinonline.it, 309
ahisd.net, 267
librarius.com, 962
vacaville.ca.us, 156
dsb.edu.in, 15
kolbuszowa.pl, 314
kophyoit.blogspot.com, 101
sgstyleblog.com, 307
novinlib.com, 713
shuerke.tmall.com, 22
tacklebawks.tumblr.com, 11
umucyo.gov.rw, 2904
karibauer.com, 258
minisuka.tv, 284
puffbbw.com, 198
mycertifiedservice.ca, 16
curveonline.co.uk, 12
newsofstjohn.com, 121
fiction-food.com, 13
innoobec.com, 16
amfellow.org, 424
daehansinbo.com, 152
jack35.wordpress.com, 12
and-omron.ru, 584
coleggwent.ac.uk, 561
berlinasportivo.com, 1286
clawdaddysnyc.com, 21
lichcraft.com, 108
stationsbp.fr, 18
pasteldajane.com.br, 591
blocksixanalytics.com, 115
mac-interreg.org, 601
webdicio.com, 107
moaser.ir, 1254
autoprivet.ru, 623
proxyweb.net, 162
peptidesuk.com, 122
wearekiss.com, 348
husataproom.com, 25
gmbshair.com, 315
biografiacorta.blogspot.com.ar, 101
dd24.net, 585
tozaifx.com, 248
bebes-avenue.com, 193
diarioriostrense.blogspot.com.br, 104
7-eleven.co.kr, 576
caravan-web.gr, 695
habertrendi.com, 439
molitvy-bogu.ru, 776
oise.com, 213
ubiwhere.com, 175
toon-ocean.com, 133
zeekeeinteractive.com, 121
aviationenglish.club, 154
finakom.de, 311
megaitaliamedia.com, 265
professorfink.com, 12
clag.es, 298
coreldrawtips.com, 345
shepherdchurch.com, 367
reqexperts.com, 153
lwxs99.com, 160
creamermedia.co.za, 160
yota-store.ru, 690
fargerike.no, 16
siakkab.go.id, 284
aptrongurgaon.in, 109
productoilicito2.blogspot.co.uk, 138
evercondo.com, 16
apex.world, 403
naderarmian.persianblog.ir, 653
robin-wood.co.uk, 566
onethinginafrenchday.podbean.com, 258
bisquetsobregon.com, 211
spsingla.com, 18
nagasakipeace.jp, 248
kinope.sk, 597
centurionrunning.com, 123
voyaldoc.com, 228
trakyagumruk.gov.tr, 351
bangedchickas.com, 282
lapoesiaelospirito.wordpress.com, 15
urbanministry.org, 13
bazarreza.ir, 3826
azeroprint.com, 597
dadegan.ir, 2084
halkidikinews.gr, 422
anlx.net, 378
atv.org.vn, 386
driversamsungbr.blogspot.com.br, 103
karkonosze.pl, 107
oltv.ru, 515
cybersvbr.com, 20
rockymountainwesty.com, 148
deccancollegeofmedicalsciences.com, 111
ivcelarstvi.cz, 392
chado.com.tr, 19
teihensikaku.com, 225
lucyelizabeth.tumblr.com, 11
pezop.com, 213
gusp.org, 14
ankiya.info, 148
soperth.com.au, 9
asbworks.com, 14
ewathiq.com, 223
betflicks.com, 25
foment.com, 215
polesno.com, 28
minauri.com, 119
ashenatech.com, 31
raskraski-dlya-malchikov.ru, 322
designjob.co.kr, 567
wasd.jp, 145
mccainindia.com, 13
stgermain.fr, 108
stella-polaris.dk, 546
giftwithlove.net, 921
nextsportstar.com, 631
realguys83.tumblr.com, 11
cpma.it, 744
plumchoice.com, 27
osmiowater.co.uk, 209
lazaloshop.com, 301
carouselbuffet.com.sg, 110
mobilkamu.com, 172
axiscades.com, 229
asalmasood.ir, 1131
omron.ru, 483
manuolog.ru, 621
humansite.net, 451
mylene.be, 302
zhaoxunlei.cn, 109
xe-buyt.com, 150
customco.com, 261
rizkallaco.com, 291
agaram.in, 15
tojeto.info, 244
targetinginspector.com, 570
torandj.co, 281
clipartbro.com, 296
rad-lager.de, 578
volvocars.be, 15
mylocalreviewsite.com, 153
gamerun.org, 16
kelloggs.tmall.com, 25
madcityoutdoor.com, 27
escrivaobras.org, 150
ntoultimate.com.br, 301
demotyvacijos.lt, 200
mountcart.com, 14
englishnumber.com, 147
chefs-academy.com, 451
respondcms.com, 106
vendimob.pl, 577
abhyudayabank.in, 168
azoffroading.com, 193
littersf.com, 224
pasekandpaul.com, 15
fontanes.eu, 2322
seidonet.com, 229
sgmeet.com, 259
yavilevich.com, 119
teamventure.org, 13
renthome.ru, 309
spellenhuis.nl, 829
ghadimiya.rozblog.com, 11
shez-a-bitch.tumblr.com, 13
ccidgroup.com, 502
fondani.it, 304
imgsoo.net, 216
3kiwi.pl, 611
libreriaisef.com.mx, 195
fotkica.com, 17
pakanbazr.com, 308
routers.in.ua, 119
sysklive.com, 16
firstproinc.com, 228
bhushanpowersteel.com, 488
smestaj.me, 905
studiotheatre.sharepoint.com, 597
sellmycar-wecometoyou.co.uk, 16
ultimatemetart.com, 162
whiskyandtinder.com, 117
dotapod.com, 26
cellclinic.ca, 107
ophirpalmon.com, 202
flusskreuzfahrtberater.de, 13
jmhdezhdez.com, 438
esperanzafelina.com, 712
online-fizetes-magyarul.info, 18
employeesonlynyc.com, 361
hot8brassband.com, 14
seevividly.com, 13
liveindia18.com, 18
podya.com, 15
tenvinilo.mx, 108
raymondcustomtailoring.com, 109
passportes.com, 118
jobwonk.com, 20
tabulo.nl, 172
kgpbz.ru, 529
burdickchocolate.com, 17
piplz.ru, 1051
beetouched.com, 288
jestov.net, 106
davidickestore.com, 151
powr-flite.com, 107
ymasr.com, 106
nmslabs.com, 395
mediacentershop.nl, 106
thelastmailer.com, 349
productjack.com, 203
fuckbookhookups.com, 184
tukios.com, 127
uxofvr.com, 16
anintran.com, 165
christiansfitnessfactory.com, 122
volcano-club.com, 17
elbrusworldrace.com, 326
stodnevka.ru, 610
vivienne.com.ua, 561
cip-service.com, 665
pixvi.net, 321
myteentv.com, 15
end.de, 15
alertline.com, 223
farline.net, 346
a-ocp.org, 306
upsmoments.tumblr.com, 12
aofsinav.org, 122
rockymountaincockerrescue.org, 14
panmais.com.br, 470
b4umedia.in, 233
usdbriefs.com, 340
capitris.hu, 318
rediscoverthe80s.com, 12
iluv.com, 210
in4mo.net, 14
mapskachat.ru, 635
gobehindthescenery.com.au, 17
hungchun.com, 15
balluun.com, 249
160m.net, 13
huiyouke.com, 255
doujinshis-pdb.blogspot.com.es, 101
cross-currents.com, 126
feeder.ro, 619
mayora.com, 225
semparuthi.com, 14
mediusa.com, 17
genzel.ca, 215
deliciousbaby.com, 209
talleres.me, 734
steel4alivin.com, 409
ip911.ru, 616
byuanov-ed.ru, 625
tommaitland.net, 18
bitcoinvanitygen.com, 15
millicumhuriyet.com, 174
tinyatdragon.com, 14
logizard.co.jp, 115
packtowl.com, 153
lutherlevy.com, 192
scn4u.com, 156
bundysoft.com, 14
kadinlopedi.com, 549
sckg.com, 291
seo-aspirant.ru, 856
nikkenlatam.com, 12
skiwelt.at, 62
biti.org.ru, 3474
subsurfwiki.org, 9
littlelimpstiff14u2.tumblr.com, 11
trendme.net, 969
thetastycravings.com, 16
massandrashop.ru, 622
regosearch.com, 123
gonesh.com, 151
worldcretornica.com, 150
blundells.com, 12
salamanca-university.org, 219
talkingtables.co.uk, 12
hrscene.com, 121
malayalamlyricss.blogspot.in, 105
fatbirder.com, 299
mazdapartswebstore.com, 13
eletej.com, 394
collegefootballplayoff.com, 183
nagasawa-clinic.jp, 117
benjifarmer.com, 154
cubalan.com, 393
freetradingalerts.com, 15
landrover.sk, 117
simulinkpaper.com, 107
juegacarros.com, 19
next.om, 13
maestrasjardineras2014.blogspot.com.ar, 142
ebey.com, 15
winusb.net, 27
urbanaillinois.us, 190
iea-ras.ru, 614
teatrarmii.ru, 587
consvi.it, 590
emesa.com, 600
namu-ro.com, 221
tsunagaru.biz, 116
vivoboty.cz, 477
benchmarkhq.ru, 624
powerhousebooks.com, 308
prescripciondeejercicio.com, 280
cie.com.mx, 188
nieuwsgrazer.nl, 549
venmar.ca, 13
7ya-market.ru, 534
comic-store.ru, 640
huilanyujia.com, 440
vespaforum.com, 108
underthetoe.com, 298
ghiorzi.org, 306
healthfullyeverafter.co, 13
webnet77.net, 160
mckenziesfoods.com.au, 15
akfoodequipments.com, 203
store360.ir, 1015
poipocket.com, 298
keyeast.co.kr, 718
packingmysuitcase.com, 192
mundolivrefm.com.br, 611
powerpartners.ru, 1453
eklientmetlife.pl, 13
vhpharmsci.com, 265
iphonescafe.com, 120
elisakits.cn, 452
hkgyo.com, 139
bulimiahelp.org, 17
pasqualinonet.com.ar, 565
deejo.fr, 628
itas-dannunzio.it, 304
tsikass.com, 182
campingitalia.it, 110
belgranocordoba.com, 355
thebreathcontrolnetwork.com, 193
tatell.jp, 115
uci.org, 12
bacninhland.com.vn, 139
porntubebase.com, 308
penguintraders.com, 213
drugoy.net, 645
portdesigns.com, 158
islamlib.com, 159
hitchinlavender.com, 12
barryt.ca, 184
loulouboutiques.com, 12
visbiome.myshopify.com, 11
teamvoy.com, 156
risu.com.br, 752
mroadmin.com, 13
motemenstec.com, 288
dynamit.com, 117
svadbuzz.ru, 623
laxtore.com, 392
dotconferences.com, 24
cologne-in.de, 193
liveskateboardmedia.com, 13
s4b.ru, 677
magiconfit.ru, 966
upnp.org, 13
brandkonnection.com, 15
nationalhardwareshow.com, 12
thegaragehk.com, 145
fealcasoluciones.com, 194
infographiclist.com, 294
tranza.com, 168
corvisa.it, 13
summittools.com, 15
oregonsd.org, 386
hige-nayami.net, 160
newzviewz.com, 277
freerpgonline.net, 106
pictures-magic.ru, 487
paradisecopters.com, 16
floridacoastalhomesearch.com, 21
babywhispererforums.com, 248
newinterviewquestions.com, 216
open-air-kino.ch, 576
imperija.com, 646
vaporizerusa.net, 202
kanazawa-museum.jp, 119
aquadocpoolclinic.com, 334
whatsred.com, 163
ltdpetropol.ru, 420
longboardy.pl, 610
flyksa.com, 301
simotakaido-latour.com, 110
skutt.com, 16
vivalafarandula.com, 17
studiobookr.com, 121
meetaphotographer.com, 12
actingstudiochicago.com, 172
flycemair.co.za, 457
geschaut.com, 306
tierwelt.ch, 870
techtrendsng.com, 292
fzzz.ba, 333
mycentra.ru, 635
kreativmanufaktur.bayern, 193
auway.net, 216
promagindustries.com, 331
furrydakimakura.com, 119
igloomag.com, 105
onlyasianguys.com, 213
zwemwater.nl, 281
sonsofpitchesfc.com, 133
abrimagery.com, 141
interni.su, 523
ilkinmanafov.com, 223
surfaccounts.com, 118
trinitydesktop.org, 973
papeldeparededosanos70.com, 308
schulkreis.de, 352
crazymedias.com, 327
forumbwin.com, 207
nsbdc.org, 109
radioactivity.eu.com, 711
assistenciaseautorizadas.com.br, 308
cookeda.com, 763
teachercharlotte.blogspot.fr, 141
ugm.com.mx, 299
taavon-ins.ir, 703
muaythaisangha.com, 119
maricoapps.biz, 386
apna.tv, 201
lonestarchevrolet.com, 118
extraordinaryweekends.com, 112
auto-thailand.com, 218
chatachleb.sk, 602
aaronline.org, 14
hermitageart.com, 261
ddnews.gov.in, 466
ind-distribution.com, 108
kazu-no-upnote.com, 119
fixrunner.com, 17
sancharam2015.blogspot.in, 141
promocodelove.com, 110
pix-theme.com, 370
calculodehipoteca.net, 1289
interiorsbystudiom.com, 16
esmedya.com.tr, 121
pirc.pl, 291
netchexonline.com, 15
trbble.com, 901
performancebay.com, 18
themeatandwineco.com, 12
tianchengxiang.tmall.com, 17
novinbuy.com, 227
877stockcar.com, 121
anunturiimobiliare.ro, 619
ismk.org, 233
gaiamagic.com, 163
wodecaism.tmall.com, 24
stringtemplate.org, 218
wako-chemicals.de, 12
ecos.com, 185
bccindonesia.co, 477
tenereclub.com.br, 811
omeglesiteslike.com, 107
bluedata.com, 160
job-interview.net, 419
burgen-und-schloesser.net, 311
bradleyallenlove.com.au, 13
pydub.com, 194
podgik-poznan.pl, 171
do16ti.ru, 619
celmaibuntop.ro, 145
conversionsurf.com, 157
yokohamakyoryu.jp, 131
fachpack.de, 16
cuestionentrerriana.com.ar, 281
escaper.co.il, 342
intelliantech.com, 148
optimedia.com.ro, 745
blogus123.com, 17
colab.gov.vn, 160
metalloiskateli.com.ua, 599
ansals.com, 322
fest.edu.br, 1084
objetivocupcake.com, 226
educlasse.ch, 589
casasbuin.cl, 169
vedom.ru, 532
tamadrum.co.jp, 116
usanmarcos.ac.cr, 25
hgc.ch, 296
tk-shibuya.com, 152
lenoblzaks.ru, 609
bicycle-eyes.com, 111
kubik-rubiks.blogspot.ru, 410
anangcozz.com, 17
atitudini.com, 885
sexnerd.tumblr.com, 12
shng.cn, 1403
sportfood-center.com, 328
webvisitors.net, 270
model3d.biz, 609
sarpn.org, 199
iafastro.org, 561
magsales.ru, 783
cadwork.com, 588
adbrite.com, 214
vantechatugi.com, 158
think3dprint3d.com, 127
cvastro.com, 163
akademout.ru, 479
salary.com.au, 16
wmmotor.pl, 371
tagboardeffects.blogspot.com.au, 141
coacheloquence.com, 293
agora.com.vc, 21
fruitstresser.net, 294
amad85.com, 565
51img1.com, 359
greatdreamers.sinaapp.com, 323
kawanishikaban.com, 128
netmail.com, 120
180.ir, 3369
aipker.com, 144
lsdatcaa.com, 14
verizondigitalmedia.net, 156
yosoynoticia.es, 571
thesexybrutalegame.com, 26
nahverkehr-schwerin.de, 288
fastricambi.it, 1701
riphahfsd.edu.pk, 109
newgradiance.com, 212
diot.com, 715
sp-klub.ru, 621
pixability.com, 115
oos.ru, 584
tedwise.com, 220
vanillapink3113.blogspot.my, 103
2bas.nl, 118
finalyse.com, 286
tomcatbrand.com, 16
dj-wl.blogspot.com, 103
haymarketlink.com, 17
securitiesce.com, 14
transportesrober.com, 587
quadrasistemi.com, 305
lubimkamni.ru, 1170
cpplay.com, 409
magicalement.fr, 283
huntsville-isd.org, 13
tutorialbd.com, 169
marondecor.ir, 606
cardmavin.com, 188
pushingrubberdownhill.com, 108
artikus.org, 762
shopidc.com, 114
nordictreats.es, 725
doikas.com, 18
crd.com, 10
xn----8sbgbcivhwqobbqhplg.xn--p1ai, 916
planeta-b.ru, 542
lithographix.com, 25
limswork.com, 332
vapeshopbrighton.co.uk, 108
strapharm.fr, 296
cbaa.org.au, 13
chrisnesi.com, 214
nhewet2.tumblr.com, 12
easy2name.com, 111
vinylsickness.com, 170
bunnyapproved.com, 287
picszone.net, 280
shirkphotography.com, 19
silvar.org, 329
astro-talks.ru, 579
ezzatbaroudi.wordpress.com, 15
ninjafutures.ru, 696
sim-mvno.xyz, 117
taotv.org, 214
123kinect.com, 25
overview.no, 357
bragelonne.fr, 294
antina.jp, 130
dapperfinery.com, 14
todaspalabras.com, 17
irizar.com, 581
chghealthcare.com, 120
fusionbox.com, 285
picsteenporn.com, 389
wingwave.com, 301
realorfake3d.com, 241
mediamanual.at, 142
idemi.org, 15
jennaburlingham.com, 116
genoa-qol.com, 165
viperrecordings.co.uk, 14
lojabibitatto.com.br, 605
trumachealthcare.net, 172
northconcepts.com, 219
solarconfigurator.de, 292
acton.com.au, 10
nn-usenet.com, 317
nesono.com, 19
dianlancg.com, 142
thehostages.wordpress.com, 11
techshells.com, 107
newissuesmagazine.com, 14
sepantamehr.com, 379
precision-elec.com, 17
ergatiki.gr, 884
weblogyou.pt, 557
jjroofingsupplies.co.uk, 15
makita.com, 231
somoseset.com, 106
schoenstricken.de, 512
vlsiencyclopedia.com, 15
nira.or.jp, 124
thornhvac.co.uk, 276
adulte-surdoue.fr, 214
dibuxo.com, 17
tommie.co.uk, 28
coneixercanals.com, 446
all4car.com.ua, 320
nalpcanada.com, 158
o-samare.ru, 517
phpbbitalia.net, 461
tenec.cc, 257
imgdumper.nl, 286
travelineeastanglia.org.uk, 31
tikbooks.com, 417
randombio.com, 271
xxlgamer.com, 16
prestonfield.com, 320
targetdeal.ro, 145
athreon.com, 157
bk-teknik.dk, 592
getnetset.com, 129
maranki.com, 160
lariojafolklore.blogspot.com.ar, 101
stbruno.ca, 202
deadlydymes.com, 130
stirkauborka.ru, 617
reservesecure.com, 27
posovetik.ru, 625
revolucaodoemagrecimento.com.br, 205
lalaport-shinmisato.com, 124
bolandcollege.com, 117
moblefilon.com, 394
unwaveringfaith.win, 15
neilbarrett.jp, 209
ftploy.com, 120
modernbazaar.co.in, 20
dostgame.com, 120
bandeira1.com.br, 594
onesourceuniversity.com, 165
somelikeitfat.com, 189
ufjf.edu.br, 1512
media-box.ne.jp, 242
aaayun.sinaapp.com, 263
batterybay.net, 310
northwestfront.org, 217
minelab.com.ru, 928
7-11shop.com, 553
sdc2017.com, 120
jman.tv, 154
course-vertigo.org, 565
ambanimation.com, 396
serveur-occasion.com, 193
thestartupmag.com, 182
saiwebtel.net, 173
nottinghamshirehealthcare.nhs.uk, 209
houstonburglaralarmpermits.org, 192
acappella.org, 13
komiyama.me, 235
montessori-france.asso.fr, 574
chatcoil.com, 447
ping-pong.cz, 389
girlsnightinclub.com, 152
wsh7324.tumblr.com, 12
fhtr.ru, 697
siser.com, 289
nfplaw.org.au, 106
dorealwork.com, 14
autmo.ee, 325
henaturist.net, 192
expressuebersetzer.com, 316
spcdavao.edu.ph, 556
unipd-centrodirittiumani.it, 303
designinginterfaces.com, 214
bookmygarage.com, 113
tungshin.com.my, 15
nfecaraguatatuba.com.br, 779
srigranth.org, 13
burvin.by, 316
deriveapprodi.org, 305
hart.gov.uk, 272
anderswelt-import.eu, 310
delhidental.com, 215
bikeadventure.pl, 304
psarema.net, 114
ses-imagotag.com, 8
jtp.com.ua, 17
medelec.com.mt, 21
boardgame-blog.com, 1118
rails365.net, 372
zanghuage.xyz, 160
250gj.com, 385
folheto.net, 121
tagfind.ru, 690
justbottomscumming.tumblr.com, 11
ai-banks.com, 17
nairobitamu.com, 341
ligoo.ch, 587
madrobotminiatures.com, 421
sistemaspaez.com, 321
greenfieldsavings.com, 165
cifstate.org, 128
newmovies.net, 105
phayao.go.th, 234
xtramaster.com, 15
statistik-forum.de, 191
commonshotel.com, 474
raovatmienphi.org, 15
glockparts.com, 327
xxxboard.org, 12
laughspin.com, 18
odnetwork.org, 714
nuis.co.il, 24
dartford.gov.uk, 1215
seatcover.jp, 317
siteperso.net, 210
leitz-hungaria.hu, 901
auch-tourisme.com, 285
intragujdiploma.nic.in, 175
forrefs.de, 14
businessjournaldaily.com, 158
xn--fiq85he02a7l7a.com, 119
poppulo.com, 260
intojob.co.kr, 281
hpiquote.net, 334
libertytickets.us, 14
racismoambiental.net.br, 602
xpand.com.au, 115
etricks.fr, 338
aisberg.com, 318
epiphany29.com, 14
greatlakesmix.com, 17
bmrf.org, 217
audicoralsprings.com, 27
hartspot13.tumblr.com, 10
showbyrock.com, 126
cegepmontpetit.ca, 142
gundari.info, 17
plusfm.net, 402
midhobby.dk, 15
bbhandel.de, 297
ferresegur.es, 302
lecampanier.com, 109
teachtrainlove.com, 17
xn--u9j923hngbzlt43c.com, 673
bigtitsporn.pics, 15
vdb-loi.com, 18
thecanvasworks.ie, 113
leahcleary.com, 17
clevelandgasprices.com, 18
ten-ei.co.jp, 150
kilinochchimedia.com, 1047
musictodiefor.wordpress.com, 12
yiqiwan78.com, 299
netgazetesi.net, 1155
moshaveranrahnama.persianblog.ir, 661
iq007.ru, 608
societegenerale.com.gh, 1168
momingvideo.com, 124
typingsolution.com, 208
dubuy.dk, 551
ordinateur-occasion.com, 281
millteksport.org, 191
pahklack.org, 310
congresonacionalindigena.org, 13
dipe.co.uk, 16
gregegan.net, 120
ciberconceito.com, 12
shahrak-arash.com, 448
bulbsdirect.com, 16
budongsannara.co.kr, 1424
wiredata.com, 118
dietando.it, 323
shipmoney.com, 11
konecranes1-my.sharepoint.com, 630
blugento.ro, 400
rainbird.it, 296
logicinvoice.com, 224
gunsofboom.com, 13
americanherbalistsguild.com, 14
elitesignal.com, 318
thereader.co.in, 21
myrecdept.com, 261
katherine.pl, 200
anandvardhan7.wordpress.com, 13
asauto.com, 290
gogiftkart.com, 13
dreamusic.co.jp, 8
gracoargentina.com.ar, 375
hardrockhaven.net, 167
pengajianmalaysiaikmtsya.blogspot.my, 107
clubnet.org.uk, 194
focuspointeglobal.com, 15
calendarin.net, 209
tawasolnet.net, 150
tuigarden.co.nz, 325
hansnara.pe.kr, 794
grupoconcesur.es, 590
thenewpaperclip.com, 362
colegiobebecas.webnode.com, 291
deercv.com, 285
trubainstitute.ac.in, 15
kolomnagrad.ru, 615
soundlightup.com, 15
jjwxc.cn, 233
mamulki.pl, 15
citygram.ir, 999
aare.pri.ee, 111
gencaystar.com.tr, 669
porro.com, 113
incodom.kr, 318
myvirginkitchen.com, 14
mymcpnews.com, 156
polechudes.tv, 15
gartenhaus.de, 296
egertorg.ru, 934
console-forum.net, 303
avtoliga.ru, 532
jot.de, 12
block-gbi.ru, 585
teakip.tumblr.com, 13
avvocatipalermo.it, 309
utahwebdesignpros.com, 18
medycynatropikalna.pl, 912
isspilimbergo.it, 305
xcelaerospace.com, 191
d-linklx.tmall.com, 129
olfeo.com, 674
eaquals.org, 11
hyundai-avilon.ru, 629
friendlykia.com, 17
candlechartsacademy.com, 201
relojes.fit, 311
gabostak.tumblr.com, 12
carnet.ink, 18
fashioninteriors.co.uk, 194
bibliondemand.com, 15
fleamarketzone.com, 418
fanavari.com, 252
rachelboutique.com, 200
geek-kb.com, 293
root.ir, 287
stb-boesch.at, 27
artscad.com, 119
pcgamesgratiz.blogspot.mx, 102
consolekabels.be, 182
c10mt.com, 16
indh.cl, 113
trstena.sk, 560
dsportmag.3dcartstores.com, 192
sedagroup.com.au, 17
emgrand-club.org, 16
mindfulminutes.com, 16
esarj.com, 254
marlboro.ru, 313
daikodenshi.jp, 122
yado.tk, 244
sentesoftware.co.uk, 261
e-kogal.com, 185
edutech.com, 784
idealbody.nl, 699
pargames.ru, 590
jalindia.co.in, 347
telebest.gr, 785
labfolder.com, 119
juissi.fi, 297
mediacoop.ca, 213
rhema.org.br, 501
fundacionenmovimiento.org.mx, 315
ican-education.com, 14
computinged.wordpress.com, 12
cruisespecialists.com, 151
aliner.com, 342
tendreams.org, 327
sacarforni.net, 279
jauriamag.com, 219
tech-kawasaki.jp, 131
wuha.in, 277
yijiakan.com, 153
barelytherebeauty.com, 13
cloudypk.com, 28
clickofficeshop.it, 704
shopstarship.com, 13
pretmembers.co.za, 903
snhosting.dk, 296
badslava.com, 251
gegad.com, 299
worklad.co.uk, 16
8bitavenue.com, 165
henriquelistakodi.weebly.com, 12
thedaringway.com, 122
friendsmatrimony.com, 119
centralgaminghub.com, 17
savethewaves.org, 14
mandarin-mebel.com.ua, 478
iexpertadvisor.com, 13
irentshare.com, 164
loankiso.com, 118
munrosonic.com, 287
bitoproduccions.com, 615
go-pusat.co.id, 485
petit-bateau.com, 438
revistacristina.com, 309
capitolhilltimes.com, 13
avec.org.ve, 1473
duke8888.wordpress.com, 12
kxlh.com, 125
lfvip.ru, 683
usw.org, 113
richesforrags.tumblr.com, 11
aoya-hk.com, 478
shakerali.blogfa.com, 13
ninefar.com, 137
carolinaeasthealth.com, 149
tribunaux-rechtbanken.be, 1675
moosehillock.com, 16
fescue.com, 375
hubbelllighting.com, 367
gomaabura.jp, 439
bloomnet.pl, 1069
valuerate.ru, 995
comfortbaby.com, 321
digis.net, 377
mail-dream.com, 150
buyuksivas.com, 30
countryside.co.uk, 104
creative360.co, 104
teejeetech.in, 16
wakoopa.com, 113
thedollop.net, 335
adipso.fr, 191
thesoftware.ir, 986
mrkdrama.com, 16
kanos.com.ua, 281
m-ms.jp, 113
aksayland.ru, 618
optitable.com, 17
remontgruzovik.ru, 627
tgwerewolf.com, 27
aveneca.com, 185
mywikilocal.com, 15
retire29.com, 269
cadcamguru.com, 185
filez.in, 26
scubedonline.co.za, 881
uprnn.co.in, 239
redlights.nl, 16
qiqici.com, 458
music-editor.net, 189
uhdtv24.blogspot.com, 100
zonifyapp.com, 328
blc4u.com, 119
studio100fan.eu, 1405
imexporter.jp, 119
nemsis.org, 121
laptop123.vn, 150
oceade.be, 284
xitxt.net, 190
easyxl-bilder.de, 206
be-smart.ch, 117
pixelsinfotech.com, 14
shahginfo.net, 218
ashita-lab.jp, 224
whosthemummy.co.uk, 151
reussirmapaces.fr, 17
infraserv.com, 26
dallasaquatics.org, 13
kpnparcel.com, 192
actiwork.it, 587
nekopajamas.net, 132
yidianqian.com, 402
geod.hu, 690
asian-accessory.com, 330
juergenhoeller.com, 159
indiegetup.com, 107
ormvd.ru, 939
stroki.net, 732
ash.nl, 869
evanhealy.com, 18
libyan-kitchen.com, 596
leader-plomberie.com, 395
ktv-ravne.net, 595
stoswaldsuk.org, 280
daewoo.cl, 212
jinnybeyer.com, 11
straightbourbon.com, 16
maternidadecolorida.com.br, 591
aminhadieta.com, 15
lefier.nl, 552
text-txt.com, 632
leeoskar.com, 18
tashel.gov.bt, 914
skachat-dlya-cs.ru, 687
planowaniekuchni.pl, 308
jesus-christus-erloesungsweg-zum-ewigen-leben.de, 310
igroteka.club, 17
dates-soldes.net, 15
vigeyegpms.in, 233
ralphgracie.com, 150
web171.jp, 127
magazinulasim.com, 434
ellesees.net, 151
300dollardatarecovery.com, 117
maceioshopping.com, 16
bigescapegames.com, 124
granitegrok.com, 25
ccfe.ac.uk, 544
mystarmedia.com, 217
freezenet.ca, 229
cs-dopravak.cz, 417
tutoriels-video.fr, 16
bowlegsnomore.com, 120
desaininterior.me, 273
webmatters.net, 298
mirth.com, 116
telezonepk.com, 156
gpuworld.net, 414
armat.cz, 404
kattee.com, 366
kwikmed.com, 15
ebs-zabkowicesl.pl, 323
fckazanka.ru, 376
gxzf.gov.cn, 375
samara-clad.ru, 426
hanazono.ac.jp, 117
gmarch0.com, 118
oirt.info, 221
webgriffe.com, 151
uca.ac.cr, 666
nautibarcos.com, 157
roof-online.squarespace.com, 12
emspay.eu, 560
lespass.fr, 281
nikkowuxi.com, 2328
freelancer.co.it, 166
young-lesbian.com, 18
internationalpolicybrief.org, 119
xikulu.com, 205
qbichotels.com, 14
tendskin.com, 234
beautyfindings.com, 296
gharelunuskhe.com, 109
nonsymbolic.org, 203
tohri-i.com, 117
nooremadinah.net, 15
angular-gantt.com, 21
mpa.org, 14
novinpooshesh.com, 214
yunikavision.jp, 122
maxs-sport.com, 192
targimot.com, 302
igod.tw, 17
mdhsoficial.blogspot.com.br, 406
customwallpaper.net.au, 18
nihilist.li, 15
standardplumbing.com, 12
rvawningsmart.com, 18
accademialecce.it, 15
rom-welten.de, 16
xn--iphignie-f1a.com, 477
sterlingandstone.net, 120
capitolchevysj.com, 14
e-santoni.org, 298
estrategiasdeaprendizaje.com, 192
londonspermbank.com, 328
mo-hr.com, 149
365thingssouthshore.com, 178
sledovanietv.sk, 116
uai.ac.nz, 397
hanacomputer.co.kr, 663
hucke.net, 204
clavierarabes.com, 17
serio.jp, 121
uw3c.com, 530
esoyu.com, 310
blu-raymovietorrents.blogspot.in, 104
indiesquare.me, 15
is4k.es, 558
eozaudio.com, 218
sundrug-group-kyujin.net, 105
zmz.ru, 610
hedbergaggregates.com, 15
photofast.com.tw, 431
agipronews.it, 278
fivespotgreenliving.com, 13
monkcms.com, 222
kinhdoanhcafe.com, 152
riverbendtf.com, 153
commshakes.org, 14
phoenixbats.com, 17
bestindiandeals.net, 341
immigration-usa.com, 283
exaa.at, 174
rafako.com.pl, 217
dodublin.ie, 483
soccerzoneusa.com, 17
carnivalsource.com, 13
ugtt.org.tn, 924
descargas-mundoanime.blogspot.mx, 103
wantoo.io, 16
esdi.gr, 466
techadv.com.au, 14
tectum-verlag.de, 586
autostan.kz, 372
nhacchoviet.vn, 142
flexkom.com, 292
techconfigurations.com, 20
eifelzeitung.de, 292
sundog-soft.com, 15
daschool.org, 12
salesianonatal.com.br, 745
thevig.us, 111
masterslair.com, 14
bestdestinbeachhouserental.com, 13
letechs.com, 156
uniportdatacenter.net, 15
safelink4u.blogspot.co.id, 102
magnit-chudes.ru, 604
redicecreations.com, 576
machronique.com, 858
narutogdr.it, 304
ahang-jadid.blog.ir, 598
cdhuaying.com, 408
aquatropic.uz, 701
farmaciacarol.com, 15
ontariocup.ca, 14
datchnik.ru, 599
jccjournal.org, 12
texdesign.ru, 1013
keremerkan.net, 16
usadance.org, 216
mutsondakika.net, 327
gazzettadasti.it, 585
auguriebigliettigratis.it, 308
sport2000.at, 331
performancemedia.pl, 496
drevotrust.cz, 698
khalidalnajjar.com, 124
scholarly-journals.com, 17
4fstore.com, 400
bespinglobal.com, 299
my-asian.fr, 576
hotels-sarlat-perigord.com, 428
enreparaciones.com.ar, 15
jausaslegal.com, 297
nsusharks.com, 569
cizihoo.com, 171
pucl.org, 168
eithermouse.com, 328
dangtrinh.com, 503
nobodysuspectsthebutterfly.tumblr.com, 12
awong.co.uk, 15
fiepbulletin.net, 1065
goodlook.jp, 120
urologygroup.com, 10
catthailand.com, 136
collegecourtreport.com, 161
secretguard.org, 310
silverlakeresort.com, 13
stragier.com, 151
naiu.org.ua, 417
e-pardaz.com, 494
cbsmba.com, 523
pbwiki.com, 119
stafix.co.za, 1412
lascoford.com, 15
seastriper.com, 108
juliangarnier.com, 302
petsedicas.com, 13
usadba.guru, 310
discover.org.au, 164
birkenhof-brennerei.de, 297
icon.com.vn, 305
haloreality.sk, 589
sarawat.com.sa, 705
travel178.blogspot.com, 102
deblorentzphoto.com, 21
pegast-touristik.ru, 604
ucsdcloud-my.sharepoint.com, 432
mlnlms.com, 25
site2max.ru, 640
theperspective.org, 109
chilewebeo.com, 183
gkd-re.de, 17
bbrmodels.it, 281
yourlawyer.com, 25
thefamilydriveintheatre.com, 215
adultsexstore.com.au, 292
veganstore.cz, 117
totalmerchantservices.com, 118
book530.com, 14
reidreviews.com, 222
askent.ru, 527
kobe-marathon.net, 265
shpa.org.au, 15
sbogom.kiev.ua, 891
pangea.me, 155
ostusa.com, 123
uprawa.ru, 585
he-jing.com, 321
maomaodj.com, 375
blindparts.com, 258
tevalife.com, 13
trabantwelt.de, 295
cecelia.com.au, 25
popmagz.com, 107
corpgenie.com, 305
fssm.pl, 327
izquierda-unida.es, 594
cenovamapa.cz, 705
seolit.ru, 495
barisdogan.com.tr, 673
suru.lt, 579
dekaresearch.com, 107
thisisyox.com, 15
mavioyunlar.com, 152
lovejessy.com, 308
eticasgr.it, 307
shopcostello.com, 262
encoline.de, 599
bmflfootball.com, 198
mtzveles.ru, 476
asat.org.il, 514
jbsoftware.de, 283
neriyakanaya.jp, 120
cyahi.com, 27
sctrade.com, 153
mmnacoop.com, 152
passionbeaute.fr, 567
hydraulicsonline.com, 189
vetorial.net, 1248
qm-animation.com, 258
capellopoint.it, 310
ost.co.kr, 418
serverstack.com, 280
maxexpansion.com, 148
bluestarfam.org, 12
studienreisen.de, 313
spanksafe.com, 193
harianaceh.co.id, 1145
bttf-bg.com, 426
allstocker.com, 113
herohealthroom.com, 161
zhangyuefeng1983.blog.163.com, 207
translancer.net, 33
dukon.ru, 667
mecity.tmall.com, 18
workcollabo.com, 291
c-watch.co.jp, 252
gleneagles.hk, 9
allfishinggames.ru, 613
theweblist.net, 297
kidsch.co.kr, 414
urban.co.uk, 117
bxh.vn, 152
indexmoscow.ru, 533
filmpornofm.com, 18
footballove.it, 1876
helahel.com, 191
mewat.gov.in, 180
anti-shum.ru, 624
illo.tv, 16
giordano.it, 695
promote-wie.com, 296
khyam.co.uk, 195
kuwaittourism.com, 765
e-bices.org, 385
ilovetowatchyouplay.com, 14
golfran.com.br, 299
kubocchannel.com, 119
saratogahospital.org, 165
mobeventpro.com, 570
flymangotravel.com, 17
dreamlovewallpapers.com, 21
pondokislami.com, 250
lewistownsentinel.com, 168
ezchance.com.tw, 20
inprofteh.com.ua, 14
beseh-rohani.ir, 796
dom-enota.ru, 631
skh.com, 426
mybeautymart.com, 190
healthcarecommunication.com, 261
afo.gr, 767
woodworkers.com.au, 268
speedymarks.com, 293
tetyushy.ru, 966
specialdeal.gr, 710
shopsugarbabies.com, 202
123marketingtips.com, 197
elitnoe.ru, 677
goodspine.org, 571
fashionette.it, 106
bbcpictures.co.uk, 16
fhautism.com, 262
calls.su, 1007
medevnet.com, 151
sbtur.com, 117
stupendousbananaengineer.tumblr.com, 11
emozioniimmaginieparole.altervista.org, 292
freetorpedo.com, 565
reticulacard.com, 1098
newadblock.com, 244
efapel.pt, 315
gruposdm.com, 442
bigcattracks.com, 15
u-new.jp, 252
pcipolicyportal.com, 13
siamklongfilm.com, 15
tasseltoppers.com, 12
media9school.com, 17
daimei-tusan.co.jp, 148
massgainsource.com, 230
devttys0.com, 25
sanxingelectric.com, 1339
99do.co.kr, 440
mustachetrading.myshopify.com, 12
macsbug.wordpress.com, 12
1-hosting.net, 428
theovernight.org, 15
smartphonetrainingcourses.com, 193
epac.it, 305
napgamemobile.com, 133
mondialproteine.com, 435
canvas.io, 105
veriteperdue.wordpress.com, 13
dsir.gov.in, 175
sulphuric-acid.com, 365
australiasnorthwest.com, 13
marinbet.com, 347
amway.com.pa, 751
curlbuilder.com, 119
mohammadaemmi.blogfa.com, 12
30r.biz, 318
telugustream.com, 108
madow.com.cn, 551
mertcangokgoz.com, 13
52eat.com.tw, 310
playukinternet.com, 16
breeder-one.jp, 118
fatcatart.com, 17
labtech.dk, 546
dulcedo.ca, 15
addis-techblog.de, 310
umami-madrid.com, 596
wildlifeaid.org.uk, 20
shichimiya.co.jp, 121
bcspbologna.it, 307
terrapass.com, 15
ivec.gob.mx, 16
attynouta.com, 231
pacificboatbrokers.com, 153
actionagendas.com, 117
thegreatfitnessexperiment.com, 108
truthonprop32.org, 120
techragon.com, 13
mut.de, 195
rcz-dnr.ru, 695
redflushcasino.com, 17
homeloansaustralia.com, 112
islaprohibida.blogspot.com, 139
evolix.net, 291
mamamooarabteam.blogspot.com, 100
ferminiatures.com, 234
ulhiking.com, 319
avatp.ir, 1067
dietabajarpeso.com, 425
electronics24.at, 29
meubarato.com, 170
www.za.net, 284
academiccourses.fr, 14
toshay-org.myshopify.com, 11
learnitalianoeureka.com, 111
udovoigt.de, 291
bateauxnewyork.com, 18
mycolombiancocina.com, 165
offer.com.cy, 173
universamnsk.ru, 612
shotput.com, 151
colegiosocorro.es, 194
sanalgol.com, 317
textline.com, 31
bdbarcelona.com, 736
madinpoly.com, 16
sportexpress.org, 311
visio.jp, 135
bifesta.jp, 143
pichoniza.com, 257
bontraveler.com, 16
termelaktasi.com, 29
operacionbikini.es, 18
intenseclick.com, 121
dstechnik.cz, 402
advocis.ca, 15
shirin-bayan.com, 389
mitchcommgroup.com, 16
capricebookings.com, 249
bgs.org.uk, 279
seton.es, 109
b-style-msc.com, 127
multanex.pl, 600
madanna.ir, 1077
freepdfbooks.org, 19
aktravelsbd.com, 248
kwhydro.on.ca, 17
extremeairpark.com, 112
tzuchi.my, 139
ceramicasantagostino.it, 330
roadto45tennis.com, 14
nkm48.wordpress.com, 12
blackbox.co.uk, 15
postroyka-dom.com, 152
milata.cz, 694
uchikoaustin.com, 16
arabicshopping.com, 192
j-seto.jp, 154
anyproxy.io, 119
infotek.yoo7.com, 154
programsuccess.wordpress.com, 12
ediblegeography.com, 358
mandarsms.net, 197
tesakov.com, 326
90.pl, 589
get.tj, 951
katariaenterprise.com, 170
privacysense.net, 169
brainwiz.org, 12
plantphys.info, 260
semico.ir, 857
sviymed.com, 316
learningskillsindia.com, 25
nicheconsulting.co.nz, 18
avbox.co.jp, 124
ine-kankou.jp, 117
apografi.gov.gr, 1128
watchseriesx.com, 119
la-patas.cz, 379
vivason.fr, 13
sifat.co.in, 15
manetec-65.de, 14
wcmusic.org, 107
hyperwe.com, 681
novaczasve.com, 20
dcdcapital.com, 20
valordoconhecimento.com.br, 203
digitalmeetsculture.net, 413
myskin.gr, 597
doggiebuddy.com, 121
h3e.pw, 13
shoprarely.com, 265
blackbirdsuite.com, 16
creepyyeha.storenvy.com, 16
heuxasoftware.com, 288
becomingadatascientist.com, 226
sposiamocirisparmiando.it, 307
idarastore.com, 251
deltaresources.com, 398
hcmifactum.com, 25
columbia-lyme.org, 164
hardonline.ru, 683
opacsaoneetloire.fr, 292
stampersanonymous.com, 157
geenergyconnections.com, 14
captaintortue.com, 607
b-bakery.com, 213
clinlab.info, 109
thetripatorium.com, 12
oformi-akvarium.ru, 610
63realty.co.kr, 410
lasanmarco.it, 308
avis-site.com, 290
spark63.ru, 677
tests-tests.com, 318
kyoto-seikei.com, 117
fceobudu.edu.ng, 278
eyeclinic.com.br, 897
filmnosis.com, 176
pensando.it, 15
abcccodes.com, 407
freeholdracewaymall.com, 107
tosdatabase.net, 125
lightpaintingbrushes.com, 305
janitos.de, 292
kiraninfotech.co.in, 230
glentworth.sharepoint.com, 378
lesite.co, 291
sailormarket.com, 17
viddyozestore.com, 191
nesrea.gov.ng, 753
eniyiteknoloji.com, 213
nbbiran.com, 160
inland-mfg.com, 343
agapemoda.com.br, 743
thefancarpet.com, 14
alternatifterapi.com, 16
theuijunkie.com, 151
thuthuat.vip, 18
comeandreason.com, 15
gemcuts.com.au, 15
dtst.de, 292
shoes-de.ru, 689
kkeps.com, 304
townnotobus.jp, 118
playerytees.com, 336
rectus.pl, 206
cvmc.net, 354
charbroil.de, 279
sqy.fr, 556
kalykla.lt, 598
zagel-app.com, 15
somewhere.com, 346
168chaogu.com, 379
belajar-komputer-laptop-printer.blogspot.co.id, 102
loft.org, 319
webinksolution.com, 202
kfj.cc, 362
criswell.edu, 15
zza.kr, 245
haochu.com, 439
swimontario.com, 214
thebike.co.kr, 146
terristeffes.com, 217
masterguitaracademy.com, 156
masterstudies.co.uk, 14
pricebustersmd.com, 16
carattuningparty.sk, 591
nikolaoutools.gr, 335
workamerica.co, 16
crapemyrtle.com, 388
bfb.com.br, 406
budget.dk, 12
muscle-elite.com, 243
exhiblover.tumblr.com, 10
rushdailies.com, 365
branderstand.com, 297
lidermsk.ru, 526
tritel.net.ru, 1289
leo.co.uk, 18
thinkstockphotos.ae, 109
mandalatickets.com, 157
wynikilotto.net.pl, 29
meccano.co.nz, 267
bestssearchlinks.com, 153
imobiliariaideal.imb.br, 1267
hiphop360o.info, 192
egida.ru, 630
maikonrios.blogspot.com.br, 438
theaudiobeat.com, 214
octaedro.com, 600
vybiraem-luchshee.ru, 626
expand2web.com, 106
managed-protection.com, 105
rfbl.pl, 575
sepq.org.br, 1681
atlanticas.net, 195
toughmudder.ie, 109
boxingschedule.co, 16
bluefrenchbulldog.com, 14
mukudu-dev.net, 184
therarebarrel.com, 213
adelgazarapido.org, 215
libreboot.org, 276
olivetcollege.edu, 108
attrader.pl, 294
itscleolive.com, 423
outmatch.com, 123
aegif.jp, 243
ackay3s2.wordpress.com, 12
aetalon.ru, 385
webpower-group.com, 284
receivesmsonline.me, 208
holifestival.de, 296
router.com, 173
telcoma.in, 308
mypornmixer.com, 318
led-expert.in.ua, 672
esandroidthai.com, 17
streamtunerblog.blogspot.sg, 104
sevillequarter.com, 15
stonekap.net, 456
ubgirl.com, 320
informacionopticas.com, 575
duduzui.com, 252
lipodroxfunciona.com, 225
jenseitskontakte-geistheilung.de, 328
barnabas.io, 212
incenteev.com, 19
livoo.pt, 16
grisayfalar.com, 14
chengzivr.com, 557
guiadeleste.com.py, 229
weststar.com.ng, 14
vitalife-blog.com, 119
dostmuhammad.com, 155
examcrazy.com, 249
baincapital.co.jp, 15
ofcl.org, 12
pricenet.co.za, 596
aetemple.blogspot.com, 139
vincod.info, 317
omtf.pl, 295
limwonki.com, 295
angola-today.com, 20
serprofil.com, 982
pinchengbg.tmall.com, 17
brennan.co.uk, 194
taniekomputery.pl, 190
horseland.com, 15
bybo.com.cn, 708
pacenation.us, 17
buffyworld.com, 12
cabinweb.net, 17
analizi-uzi.com, 227
hassan-elbaghdadi.blogspot.com, 100
idmfullcrack.com, 17
madbookings.com, 159
shopj.net, 139
connectedworld.com, 25
prokundo.de, 440
highresolutiontextures.com, 150
fmbanktrust.com, 16
scas.nhs.uk, 222
bitzonk.com, 118
station-musicshop.de, 192
psychologyformarketers.com, 190
youporn.bz, 29
ourqueerstories.com, 16
limmatsharks.com, 400
united-flightattendants.jobs, 14
hiroogakuen.jp, 149
athleticstore.gr, 597
signarama.ca, 304
lyceelbv.org, 234
infobos.ru, 626
xxxgayvideos.tv, 152
estiloysalud.es, 15
jumpball.ru, 625
solmomentos.com, 445
vrn.org.ru, 2333
issw.ir, 588
happystock.kingeshop.com, 257
eda.pt, 13
mybb.su, 1181
emeraldsecure.com, 14
dendyportal.ru, 620
buy-nippon.com, 294
chekadbam.com, 479
mpesarates.com, 105
shop-012.de, 303
obeyclothing.co.uk, 15
payvand.tj, 896
riotsimulator.com, 153
finishmaster.com, 232
truemichaeljackson.com, 287
bauergewinnspiel.de, 272
detimport.ru, 625
moodem.it, 597
billhartzer.com, 16
raiffeisenbank-straubing.de, 16
beautybag.it, 19
oxfordpm.com, 219
giovinazzoviva.it, 299
d9tready.com, 569
carronota10.com.br, 302
ontozorendszer-diszkont.hu, 614
l3sb14nl0v3.tumblr.com, 13
nomnomgirls.tumblr.com, 12
softnkeys.com, 318
host-tec.net, 14
zubersoft.com, 31
milano24ore.de, 480
rinrei.co.jp, 118
mueblessur.cl, 13
rvconstrutora.com, 218
hennemusic.com, 214
thermomaster.ro, 618
petlja.org, 12
webtomed.com, 121
laguna.gov.ph, 110
123angelsport.de, 13
seeburg1000.com, 19
wteveryou.tumblr.com, 11
clinicasantjordi.com, 627
imc.io, 19
viniciusvacanti.com, 119
omolodet.ru, 281
kyouka.net, 361
aitkenspencehotels.com, 404
qalamnovin.com, 161
hack-academy.fr, 16
oxygen.dk, 590
wayteq.eu, 118
androidpuertorico.blogspot.com.es, 102
nethosting.az, 622
eastcoastlifestyle.com, 147
axislighting.com, 13
freeclipartspot.com, 109
chalupnikovi.com, 203
marktding.de, 298
kidzaniaindia-tickets.com, 158
akiou.wordpress.com, 12
boynton-beach.org, 13
gubretas.com.tr, 641
cheapseovps.net, 16
tipsed.com, 25
gladir.com, 173
didacticus10.blogspot.ro, 384
belgacoin.com, 16
neoperl.net, 223
prague-airport-shuttle.cz, 124
jav419.com, 32
newgen.org.hk, 18
westcoastarmory.com, 157
ursula-sandner.com, 119
newvaluedinterestsfortomorrow.com, 15
sitekabu.net, 117
robotbase.cn, 447
ccreditor.ru, 1067
deskero.com, 118
hanfi-1.blogspot.com, 102
thehairpinlegcompany.co.uk, 16
wrapedecor.it, 303
departement54.fr, 2613
beats24-7.com, 17
pixelsprite.fr, 543
kb.hs.kr, 1150
katherinebelarmino.com, 155
skat-online.com, 257
hoodo.jp, 125
jika.cz, 382
bloommagicflowers.ie, 28
winsomething.co.uk, 223
giornaledicattolica.com, 151
garnet-co.com, 307
rkshuma.tmall.com, 17
locam.fr, 359
funworldblr.com, 150
lylife.ru, 649
91send.net, 356
ispolneno.ru, 522
commentsold.com, 253
envaya.org, 167
gardasee.com, 720
ljekarnaonline.hr, 311
abundance-and-happiness.com, 209
thaiembassy.ca, 260
telematik-zentrum.de, 15
drmehrizi.ir, 1054
watbetekenthet.nl, 556
privatoria.net, 17
singulex.com, 149
sunrisewindows.com, 159
outsite.org, 551
mtngexperience.com, 305
vintagecollection888.com, 288
ahsentv.com.tr, 645
slashdot.jp, 107
bitcoin-club.org, 13
formula1blog.com, 15
mysensualworld.tumblr.com, 12
claremorefirst.com, 27
micarf.com, 152
quizz.fr, 295
vinksporno.net, 293
julianevansblog.com, 152
maxinternet.com, 12
marabout-cote-cuisine.com, 287
mimily.jp, 117
transplantliving.org, 17
trumpferrypoint.com, 16
baegwan.co.kr, 438
shougakutanki.jp, 139
gccsc.com, 260
wildflowerchurch.org, 15
metzgerei-mornhinweg.de, 299
globaldro.com, 261
undergroundprivate.com, 157
staubsauger-paradies.de, 14
resultadoschispazo.com, 168
govtopenings.com, 312
fareastvapealliance.com, 287
jatekraj.hu, 29
sunrisesolicitors.co.uk, 20
kurandersleri.net, 168
ieczj.com, 384
muslimjapan.com, 233
look.com, 151
csdsistemasdesellado-my.sharepoint.com, 580
butuzou-world-shop.com, 147
igi.or.id, 140
lnews.eu, 324
hanimlarindunyasi.com, 324
featvre.com, 208
cyclonerake.com, 131
scrubsdecore.tumblr.com, 11
sas-porto.jp, 114
oacett.org, 15
wilbo-shop.de, 191
hansestadtlueneburg.de, 294
vitalliance.fr, 566
wellington.org, 235
5up.net, 208
ludidv.ru, 627
theroadback.org, 12
lapiantata.it, 307
mikesupes.tumblr.com, 13
meekro.com, 115
juusando.com, 15
krawl.com, 219
dxire.ae, 108
sinamega.com, 329
universityproducts.com, 371
createmindfully.com, 13
compojardineria.es, 997
tyrelia.com, 322
fundoversa.com.br, 394
lalgolacollege.org, 448
vienna-opera.com, 306
portaldoforrozao.com.br, 822
knighthemes.com, 230
kurigram.gov.bd, 166
premieropinion.com, 105
mexicoledger.com, 120
unicus.mn, 228
infoptimum.com, 442
kgarch.org, 21
edufisrd.weebly.com, 12
al-riyadh.directory, 25
timple.com.ar, 221
scholarshiplibrary.com, 162
mrrc-obninsk.ru, 642
profumitesterstore.com, 203
sgs.co.uk, 15
torncentral.com, 346
eurodom-ua.com, 214
zakazat-mebel.ru, 623
gdemu.wordpress.com, 13
websterspages.com, 197
deertickmusic.com, 15
vanillawowaddons.com, 165
kukmarashop.ru, 999
kornferry.cn, 107
faizanenaat.com, 562
cusanuswerk.de, 15
waspa.org.za, 964
deanimalia.com, 577
pilgrimstudios.com, 19
sercae.com, 574
waldo.photos, 126
smartertakeout.net, 121
centrotranspersonal.com.ar, 13
foropadel.com, 578
anshrnow.com, 162
club937.com, 16
hatinh24h.com.vn, 18
yoshiwara.co.jp, 230
banyomoda.com.tr, 560
nxhuizhan.com, 134
up-house.ru, 413
ocnbiz.jp, 116
katzorange.com, 463
nature-education.org, 210
etuc.org, 16
inventum.eu, 563
rainbowpromotions.com, 230
easydine.ru, 216
ayurvedicyogi.com, 212
inisms.net, 797
daub-brushes.com, 714
3dprintler.com, 247
breakallgames.com, 312
letshostit.org, 514
grupounite.com.br, 1571
napmucmayinhc.com, 148
blog--007.blogspot.ru, 459
zjicu.com, 765
golfodds.com, 320
dagensbyggeri.dk, 15
zero1.co.uk, 11
optout-cnnf.net, 28
thelupussite.com, 12
sourcingmap.com, 17
waverleyexcursions.co.uk, 167
servereagles.webs.com, 16
pornworld.com, 299
opendoor.or.kr, 727
hrdangola.com, 152
shopdacarabina.com.br, 760
realestatemarketingblog.org, 19
auboutdurouleau.fr, 284
easyhosting.com, 327
abadan-ref.ir, 2203
allbatterysalesandservice.com, 110
pastashirataki.it, 278
24dian30.com, 30
money.ca, 16
sarthaktv.com, 312
toxplanet.com, 117
cieem.net, 276
hobartlegal.org.au, 13
fcb.edu.br, 395
internat-dyr.dk, 18
ks-yanao.ru, 284
lamiaparteintollerante.altervista.org, 274
nishishitranslations.wordpress.com, 13
com-download.ru, 613
megawecare.co.th, 254
dailyboats.com, 15
hanatour.com.tw, 218
unimedbauru.com.br, 595
fotograficky.guru, 199
priedaimobiliems.lt, 588
mdashop.com.br, 1771
banglafoodie.com, 16
toyota-gib.com, 14
bdsmpaintube.com, 16
noslotnolife.com, 116
zhlykf.com, 407
accessc.com, 192
applygermany.mihanblog.com, 213
harlemonestop.com, 14
logiless.com, 176
eladams.com, 309
terazbiznes.pl, 14
stimulant.com, 225
dataland.tmall.com, 18
amann.com, 296
nevred.ru, 375
nvk.co.th, 15
nttact.com, 224
ferromex.com.mx, 202
archover.com, 192
essentiallearningproducts.com, 14
runners.bg, 642
playkids.uol.com.br, 308
unit-image.fr, 568
oniksmarket.ru, 681
carnavaldelsol.ca, 15
reading.edu.my, 276
repositoriodigitalonemi.cl, 17
cloudpath.net, 221
3i-infotechconsultancy.com, 25
myapnea.org, 215
ewallet.jp, 413
islamieducation.com, 322
citywebindia.com, 183
corola.org, 259
theweeklyknob.com, 13
latentview.com, 210
huangye.fr, 15
sogo.com.my, 19
edis-om.com, 624
besattravel.com, 295
schweisshelden.de, 274
collages.com.es, 195
victorfont.com, 151
cennarium.com, 217
powerspec.com, 265
livingmedia.pl, 316
sunlightyellow.com, 191
applenet.jp, 130
hisaab.pk, 167
hetbrandweerforum.nl, 289
hometrends.com.mt, 21
21tradingcoach.com, 298
sealink.com.au, 10
pets-friends.gr, 689
sreda-forum.ru, 489
granitedevices.com, 314
ujirafika.ru, 647
shaklee.com.my, 421
elbazardigital.com, 326
ditechs.com, 147
avtozar.mn, 210
hrdmag.com.sg, 16
1010sh.com, 1441
axislabmagento.com, 226
fortolke.ru, 508
designjobsboard.com, 145
sport-cosmos.de, 174
hcvguidelines.org, 375
dzhldj.net, 413
reglinez.org, 14
foeeurope.org, 14
tietosuoja.fi, 324
baiyitejiaju.tmall.com, 164
smalldanishhotels.dk, 592
apd.ong, 172
itachibori.co.jp, 119
le-livre.org, 16
compucoin.org, 13
rivalboxing.us, 12
uscabinetdepot.com, 108
tbany.com, 239
asty-tokushima.jp, 125
maplaneteverte.com, 17
council-pop.tumblr.com, 12
logicvapes.co.uk, 107
lashx-pro.myshopify.com, 12
tanita-hw.co.jp, 258
dellsatto.com, 118
artic-reiniger.de, 32
bioxoil.de, 433
beach.com, 15
chathamdailynews.ca, 16
papodefotografo.com.br, 501
agenziavenus.it, 277
theater-house.ru, 569
miuniverso.com.ar, 194
zumbido.es, 191
yofoxy.com, 112
kidsites.com, 107
tiogatours.nl, 551
stylagy.co.jp, 116
jr-farm.de, 192
sden.org, 280
drzwi.pl, 487
ausmalbildervorlagen.info, 193
jesuitas.org.co, 268
stroikaural.ru, 625
mymilestone.com, 115
lambi.com, 26
demonoid.narod.ru, 580
orangefoodcourt.co.jp, 243
johnredwoodsdiary.com, 148
farsapple.com, 406
bevco.dk, 15
amariner.net, 221
yutaka-sec.co.jp, 232
quranct.com, 27
oknoudoma.ru, 557
shareinfo.pl, 14
foodwine.com, 12
coffeejobs.com, 15
shapenet.org, 114
tadviewer.com, 16
bremerhavennews24.de, 307
groovera.com, 211
dealwithautism.com, 159
mesoigner.fr, 573
solotica.us, 152
frames.gov, 159
appstoreforex.com, 201
true-node.com, 193
roghancar.ir, 1011
zaoag.org, 430
newamateurtube.com, 287
doctorsan.ru, 481
exclusiveadventure.ch, 577
iranmama.com, 294
elgurudeltrading.com, 306
juuria.tumblr.com, 11
forchtbank.com, 121
theactionpixel.com, 12
route-des-vins-alsace.com, 208
ksshp.fi, 307
andreas-gabalier.at, 329
sterlinghealthcaresvcs.com, 13
topfleurs.be, 17
neuronphaser.com, 118
mihui365.com, 388
cefpress.com, 28
sound-pixel.com, 602
cpacf.org, 420
dravit.si, 1239
sensoryperfection.co.uk, 547
bgo.es, 298
aibms.com, 16
rapturecamps.com, 13
howtoquitsmokingweedhelp.com, 28
theladylovescouture.com, 152
cressettech.com, 335
lxrcsc.com, 237
zhenfang.me, 153
meteopresila.it, 305
familyls.jp, 126
rrr12.com, 107
sssadmin.sharepoint.com, 554
niftykick.com, 15
fmfutsal.org.br, 801
aboutdiabetesguide.com, 319
shemalexxxvideos.com, 280
worldescortmap.net, 152
ford.rs, 385
csoftlab.com, 297
visitsolta.com, 600
stylecampaign.com, 211
reaganlibrary.gov, 569
rd-lab.shop, 214
gimmethebest.net, 185
viisa.ee, 325
nacionalconsultas.com.br, 605
documentariosguerra.blogspot.com.br, 295
namaco.in, 154
zg66.ru, 676
liveskipper.com, 120
fccpt.org, 13
checkology.org, 167
rahnemaco.com, 513
detoxikace-organismu.info, 104
thedebuggers.com, 275
fortwayneparks.org, 12
gocampok.com, 117
smartlink.com.sa, 711
marktplatz.500px.com, 111
urbanvelo.org, 707
appeti.jp, 16
oxs.uz, 672
bagozzi.edu.br, 585
vinasystem.com, 619
shikogaku-dvd.com, 307
grammaropolis.com, 149
triplc.com, 151
bkom.cz, 730
the-gingerbread-house.co.uk, 118
wordpress-zone.ru, 626
hvqlgd.edu.vn, 295
nigeriangasassociation.org.ng, 275
wiseguide.com, 27
bendigoadelaide.com.au, 12
nasosov.by, 599
lucky-fishing.gr, 734
yummysofie.com, 318
kcw-shop.de, 309
garmin-salescoach.com, 14
animekaillou.com, 393
19666888.com, 581
anayamedical.com, 212
xn--812-5cda1c0a7ar6b.xn--p1ai, 535
buywow.com, 13
giftcardsonsale.com.au, 296
childlife.org, 13
radiociudadbandera.wordpress.com, 15
rashiratanjaipur.net, 14
globalnetwork.xyz, 287
burjeel.com, 16
newsexpress24.com, 26
allfacebook.com, 115
lavriostone.gr, 424
akvariumonline.sk, 308
ibytecode.com, 202
e-carms.ca, 163
littlerp.com, 119
wzd.in, 212
diamantishoes.gr, 1611
kifpool.ir, 985
phoneforums.org, 18
bandeirashop.com.br, 605
expresspay.az, 671
camslink.com, 27
genkpoker.net, 28
archconuga.com, 15
brandonhilkert.com, 128
audio-libro.com, 26
britishcolumbia.ca, 163
silverton4thofjuly.org, 14
domina-shopping.lv, 924
hahadiaoyu.com, 142
romans45.org, 214
iyp.tw, 295
rosakademy.ru, 617
ispania.gr, 334
anisalud.com, 431
yellowroad.hu, 316
steinke-institut.de, 192
cookidoo.com.au, 106
vr-360.net, 288
starychmebliczar.pl, 203
radioberg.de, 127
laenderservice.de, 291
blueberryink.com, 16
kymco-ersatzteilshop.de, 15
discoteca.it, 16
kar-chan.com, 306
risorsainformatica.com, 304
meddoc.com.ua, 619
paint4models.com, 28
thefuriousangels.com, 14
kursyinstruktorskie.edu.pl, 329
english-sky.com, 141
soiree-eventdesign.com, 14
lagartavirapupa.com.br, 733
cathedralcity.gov, 339
habercuk.com, 20
odlarmed.com, 122
agentserver.ca, 16
a24.com.ua, 204
autogeneral.ro, 574
smashingsecurity.com, 163
noithatvanphongsme.com, 105
javfree.pw, 12
ronblank.com, 115
kuchniawformie.pl, 226
tudosis.es, 191
edc.edu.ng, 18
nydailyquote.com, 18
consejosytrucos.com, 311
moorewilsons.co.nz, 289
roloteca.com, 19
termoros.com, 629
supplysideshow.com, 20
pornpoly.com, 16
asean-info.net, 257
maximarkt.at, 29
udecor.com, 158
spaincenter.org, 193
arena-pakistan.com, 425
kinshima.tumblr.com, 11
conservatoria.it, 325
flickstime.com, 16
mysims4blog.blogspot.ru, 103
keimolagolf.com, 118
agnesboukaram.com, 289
suite101.com, 14
jolijolino.com, 143
editions-homme.com, 216
sentimientoyaoi.tumblr.com, 10
wearableinear.com, 116
f9.co.uk, 278
munilive.com, 208
rapcea.ro, 450
komtech.lt, 1163
seguroscontinente.pt, 14
nickcatesdesign.com, 207
wpauctions.com, 120
tgfuneral24.it, 16
wellness-wave.de, 205
computer360.net, 28
lednews.lighting, 17
beautifulmindvn.com, 160
aoisola.net, 168
muerdelapasta.com, 441
backcountryskiingcanada.com, 319
sdpao2.tumblr.com, 10
gayfriendschat.com, 157
rta.lv, 610
drivine.com, 248
bitchgoddess1.tumblr.com, 13
sindireceita.org.br, 1119
nudism.name, 122
medialiteracyproject.org, 15
bluwe.com, 296
oriolechicago.com, 15
srk.co.za, 161
tokyomirai.ac.jp, 124
centrepoint.com, 133
maashorst.nl, 279
ocean-institute.org, 262
uiia.org, 156
suma-saga.com, 117
zyabkin.com.ua, 17
pta.edu.pl, 979
dpkleidung.com, 17
klil.co.il, 18
freepascal.ru, 633
kawasaki-keiba.jp, 120
biosline.it, 345
kintecglobal.com, 14
nelsonliu.me, 13
fudanpress.com, 528
qqipone.com, 17
uniformesdesbravadores.com.br, 1295
zdjecianaallegro.pl, 299
xn--u9jb559th9ehy6bhcrbku0jak0m.net, 254
thelioninmybed.tumblr.com, 10
hgbookvip.com, 218
skywatcherusa.com, 24
judson.biz, 112
gambeinspalla.org, 302
my-clash-of-clans.ru, 329
cad.cz, 402
come-and-hear.com, 387
codingcraft.ru, 340
rabatka.pl, 316
anahirmiyazaki.com, 225
icbs.ir, 679
activa.com.tw, 17
commoncentsmom.com, 119
mindsparktechnologies.com, 17
jalsasalana.org.uk, 194
discountreactor.com, 246
minerali.it, 329
propsops.com, 151
lcef.org, 12
buchenwald.de, 291
rezina.ru, 619
dooepoo.tumblr.com, 12
animeca.com.mx, 24
flinders.be, 549
notanotherbill.com, 249
produktwarnung.eu, 57
dovanphuong.com, 114
takechargeamerica.org, 13
ggwo.org, 15
doorsteps.co.uk, 20
justacro.com, 930
iralco.ir, 689
numberknowledge.com, 18
kanshudo.com, 120
silo-z.ru, 230
eatdrinkplay.com, 11
indicerecetas-meri.blogspot.com.es, 103
oulunetelainen.fi, 311
cscprovidence.ca, 14
orangeink.ir, 695
lahoregrammar.school, 13
laundrycare.biz, 113
chcoc.gov, 702
hex-online.de, 593
edentify.com.au, 122
swiftprepaid.com, 119
rppeo.ca, 118
cswcrtiweb.org, 227
cmj.com, 201
kumarvishwas.com, 153
citas.med.ec, 218
mydropbox.com, 348
fauxnumeros.fr, 296
tiorootocomp.tk, 105
nolleys.co.jp, 340
wanpe.net, 119
yauyuism.com, 332
bkkinfo.hu, 30
bluebillywig.com, 119
torten-boutique.de, 309
pruvodcevyzivou.cz, 2227
daymirror.ru, 626
nomoreroominhell.com, 130
themanifestationmillionaire.com, 13
riverfestlacrosse.com, 255
kerrvilletx.gov, 222
mycamping.com, 280
dommdom.ru, 941
tcvb.or.jp, 118
nest-netshop.com, 350
uabets.com, 280
jeep-real.jp, 276
xn--80aaehcdett5alvfjj.xn--p1ai, 840
strivingforeternity.org, 109
kh-gt.de, 192
daumfancafe.tumblr.com, 13
winconnect.net, 105
circuitbenders.co.uk, 543
optimalprint.fr, 114
twynhamschool.com, 301
1second.com, 287
sajhrm.co.za, 605
daad.tj, 342
mczone.ru, 657
decoraciondesala.com, 161
xapstersgalleries.com, 205
thepees30th.com, 134
orthodon.com, 155
hahwul.com, 12
contentwatch.com, 310
sizwe.co.za, 1045
chro.pro, 12
dragonfly.dk, 24
domstroiproekt.ru, 636
thescene.tw, 110
batauto.com, 14
securestage.com, 245
modernwoodmenbank.com, 238
shop24.msk.ru, 930
flipchartfairytales.wordpress.com, 13
fonotecanacional.gob.mx, 12
green-theory.com, 15
codico.com, 161
mzdik.radom.pl, 616
gimaex.com, 281
lacuillere.com, 304
hyundai-modus.ru, 721
lensonline.it, 558
thrivous.com, 107
cafindia.org, 16
onlinesensor.com, 107
boxnation.ru, 609
elusyf.com, 190
gruposaona.com, 383
nycmetalscene.com, 203
spp.co.jp, 211
musiquesparoleschretiennes.blogspot.ca, 101
rabbitvcs.org, 206
antv.gov.co, 289
selfrelianceny.org, 117
ressiq.co, 152
selectech.co.za, 58
asukamodel.com, 243
beregnbmi.dk, 590
waydate.ru, 219
szkentla.pl, 213
comicool.cn, 410
odpovede.sk, 604
conexaoaeroporto.com.br, 395
kwalitywalls.in, 17
norcalsscustoms.com, 123
angelikasgerman.co.uk, 376
manuelnumerique.com, 294
xoverland.com, 16
mastercardempreendedor.com.br, 301
hrofficeplanning.nl, 15
nthrive.com, 26
travel-management.net, 192
kanfar.ru, 322
yooutube.ru, 216
frc-watashi.info, 119
n-survey.com, 368
sasfin.com, 449
cafebabel.it, 304
premierescene.net, 156
freeasiansporn.com, 546
pornsexsex.org, 548
planb.hr, 329
xn----7sbficebzps0c1a0il.xn--p1ai, 623
yingnaishuma.tmall.com, 20
kinostar.tv, 152
tokohpenemu.blogspot.co.id, 103
vanhornlawgroup.com, 12
letampographe.bigcartel.com, 13
worldlunghealth.org, 107
rankingtoday.com, 310
prohr.in, 12
mebel-gromada.ru, 533
triplexmilfs.com, 233
mopinion.com, 199
gestar.org.ar, 609
befantastic.com.au, 13
pakal.net, 106
barbarys.com, 319
shecaishuma.tmall.com, 19
bbgr.com, 283
appliedvisions.sharepoint.com, 252
yourgemologist.com, 15
ppn.gov.ar, 616
ictd.ac, 538
strukturalni-fondy.cz, 684
magiastrology.com, 108
flochat.in, 322
mycatstudy.com, 187
funburg.ru, 600
tuugo.com.br, 526
madxfrance.com, 296
confe.ir, 631
rethinkworship.com, 126
namogo.com, 403
commentes.ru, 230
runjumpthrow.com, 16
theinspiredhome.org, 114
larryvsharry.com, 14
dev-medgenera.herokuapp.com, 13
hugoboss.tmall.com, 17
focusonthekingdom.org, 319
oraculoching.com, 443
marvelyearsmusic.com, 167
18sexvideos.com, 313
topsurvivalweapons.com, 15
tahoesbest.com, 16
eazylang.com, 564
dailylives.org, 15
elizabethcastro.com, 384
agarum.com, 14
bach-bluetentherapie.de, 13
caltransit.org, 191
posicionamiento.com, 124
sevennet.com, 115
usimmigrationsupport.org, 17
ixl.ru, 1139
greenfirefarms.com, 150
advance.com.ar, 274
nextmedia-hamburg.de, 293
spaceline.com.br, 492
gsnetx.org, 14
willmarccs.com, 105
iowabids.com, 111
downloadtechhouse.com, 197
tailieuontap.com, 13
wikigamia.net, 295
controlefinancierdz.web44.net, 671
hcu-client.com, 272
matvk.fi, 321
wimaxspeedmap.com, 128
shortkeys.com, 425
iol.na, 470
aubmed.org, 168
scroll360.jp, 123
cancionesinfantilesya.com, 144
ddbcorp.com, 121
sanit.by, 620
starssuite.com, 108
universalacademy.com.au, 152
digitalsignageexpo.net, 116
fourmis-boutique.fr, 300
visa800.com, 391
druskininkai.lt, 402
shopping4net.com, 317
pmsinfirm.org, 216
westcom.ru, 589
haircitymm.com, 12
cashpage.net, 177
mobogenieunion.com, 178
webmagnat.ro, 426
nickelfreesolutions.com, 13
scheepvaarttelefoongids.nl, 284
plannersanonymous.com, 210
doing.fr, 564
saltstack.com, 123
deconsquad.com, 412
migom.com, 13
tjprc.org, 158
worklife.dk, 546
inno-make.com, 313
food-hub.org, 16
bikemastertool.com, 15
betenbewegen.de, 312
vk.me, 307
517mrt.com, 107
siel.nl, 553
e-hps.com, 25
synirc.net, 247
abuliyan.com, 108
easy-ways.com, 16
stark.dk, 17
funwirks.com, 13
eurocqs.net, 303
nikko-sake.com, 158
xnet.lv, 62
visionpharma.com, 18
t-bird.edu, 299
adriaticapress.it, 278
41789.com, 358
autofirenze.biz, 306
minniowa.com, 263
sweetteaproper.com, 150
recruit-dc.co.jp, 118
competitivecameras.com, 14
zoncinta.com, 150
vk.me, 8
mandarinclass.my, 16
pbxi.net, 152
zyznowski.pl, 315
meodia.com, 150
guardiancaps.com, 12
bbccable.net, 152
ams-luenen.de, 192
ihalehaberbulteni.com, 18
salvia-community.net, 121
superpowerfruits.com, 123
bereyellingergl.com, 294
downloadfreetvseries.com, 309
iqshop.ro, 306
urbancliq.com, 744
rocket-media.net, 19
uskudarhaliyikama.org, 283
savedeo.com, 107
nanabit.net, 213
divorcereform.us, 19
solarincomefund.com, 14
novofri.com, 194
8852088.com, 419
admil.ru, 603
rafonline.org, 106
bois-francs.com, 25
pieceinch.com, 160
tel.com, 122
teenpregnancysc.org, 231
powgnar.com, 16
screenmediamag.com, 212
pricerabbit.com, 14
archive-host.fr, 296
hotimpit.ru, 924
3sitracking.com, 681
hellfiremods.co.uk, 191
eslyoga.com, 180
kilgour.com, 152
vk.me, 9
hualienhouse.com, 162
tour-box.ru, 402
servizioallerta.it, 15
denyojp.com, 225
centralepiecesauto.com, 164
bluedynamics.com, 369
xjs123.com, 410
veryicon.com, 17
emrekoldas.com, 221
adc-inspect.com, 203
vusadbe.by, 620
morban.co.uk, 192
hainanair.us, 185
vk.me, 9
metar.gr, 333
treasureislandbar.com, 155
sponsoredhomepage.com, 164
pcrecruiter.net, 210
bcdtofu.com, 123
thefavorite.fr, 208
aneventapart.com, 16
pces.in, 191
alamelphan.com, 258
hotel63.com, 117
kitubi.com, 289
zenrog.com, 116
kinderroller.org, 309
naverisk.com, 211
teme.us, 13
tlinkbroadband.com, 26
rivnetwork.com, 214
bufobufo.eu, 616
friatider.se, 15
mannllc.com, 308
rideukbmx.com, 276
agnx.com, 113
muzed.co.uk, 192
vk.com, 7
urt.is, 14
notabilus.com, 597
jordansun.com, 14
frosta.hu, 904
lacuisinedegandi.net, 284
sheispriceless.com, 212
pattaya-bargirl-investigations.com, 15
teksyndicate.com, 32
d-strage.jp, 117
akselparis.com, 189
lilylolo.co.uk, 11
mockquestions.com, 120
rocketdownload.com, 155
shopkeepapp.com, 165
postageapp.com, 221
mkhoj.com, 14
ingwer-gesundheit.de, 291
velvetblues.com, 343
deltacountytx.com, 260
idenyt.dk, 18
fraserwebdesign.co.uk, 279
runboard.com, 14
worldoutofbalance.org, 15
ricochettrendz.com, 152
johnbarritt.com, 280
westfest.co.nz, 21
x-muehle.de, 1584
vk.me, 305
kinoman.tv, 199
akorda.kz, 359
terrania.ru, 515
jcdrepair.com, 17
omegamepis.com, 167
answersforapple.com, 123
videofeet.com, 26
luxeweddingdesign.com, 362
thepropertyvault.co.uk, 13
managedemail.com, 349
hrhairextensions.com, 19
triecienspeks.lv, 258
statice.is, 298
sygeforsikring.dk, 592
pleg.ma, 343
memecorner.com, 214
wimmercycle.com, 14
sugoikr.com, 213
hennensobserver.com, 149
kaoxve.com, 321
mastitorrents.com, 461
choople.com, 225
all-nude-celebs.us, 283
eissmann.com, 294
bigglook.com, 15
camdough.com, 105
blazingcore.com, 13
vn-logistics.nl, 561
inspiradigital.co.uk, 111
ce-richtlinien.eu, 609
djbarryblends.com, 156
untitledradio.com, 191
chinahomegift.com, 308
zgdaliw.com, 368
qfpay.com, 306
farat.ru, 620
vk.me, 7
trianglemoon.com, 13
golf-absolute.de, 13
grtplains.com, 108
windmillchiropractic.com, 300
giga-cv.com, 334
xaman.com, 209
maurerundpartner.com, 486
opf-labs.org, 18
lithiaelectrolysis.com, 236
kentuckysportsradio.com, 14
welding.su, 620
design-pilot.com, 248
wcsr.com, 214
telemagazyn.pl, 309
coldclimategardening.com, 168
guidgen.com, 215
cafe-campus.ru, 283
helander.co.uk, 275
odwyk.com, 13
toppsfootball.co.uk, 19
khamphamientrung.com, 153
tas-t.com, 113
comeser.it, 14
spvgg-haddamshausen.de, 308
winkhaus.com, 584
netbridge.ro, 142
frenzyestate.com, 230
comprabolsos.com, 277
medicclub.ru, 629
akfarsam.ac.id, 372
vk.me, 306
rw-kupplungen.de, 194
archers-contois.fr, 564
dyndns.tv, 9
visits.lt, 1895
wholesalejerseyssaleus.com, 25
supertabak.ru, 608
vk.me, 9
maketechpr.com, 15
futchfactor.com, 225
peregrineadventures.com, 16
daegusoft.com, 319
ocs1.org, 230
vk.me, 8
jw.org, 294
mcafeefamilyprotection.com, 171
leblogexpectra.fr, 15
doommovie.com, 107
xn--verstt-eua3l.info, 316
wallofsoundstudios.com, 14
leernetwerkeducatie.nl, 1095
pokupaisumom.ee, 15
stiahnut.sk, 692
fusionedgephotography.com, 162
forum-wf.de, 298
webmusic.asia, 25
cic-tripleadvantage-creditreports.net, 113
deeperfaith.org, 15
geneeskundeboek.nl, 665
andrewraposo.com, 13
poolrepairaustin.com, 421
ayto-oviedo.es, 274
arianapassion.com, 346
mpa-ppm.org, 105
regus.it, 14
amanto.be, 539
srsportal.com, 226
staffingcalendar.com, 122
haikoheinz.de, 13
bestelectriclawnmower.co.uk, 14
jbbr.net, 21
afresnohomeinspector.com, 403
barcanovainfantilijuvenil.cat, 296
matandme.com, 150
myra.com, 161
search225.com, 513
egyptopia.com, 297
englishwordsexplained.com, 311
tchl.us, 153
az.gov, 211
gaybodyblog.com, 13
globaldir.org, 418
kurkiewicz-family.com, 301
bookmarkingpages.com, 308
newyork.com, 14
herrajesarena.com, 347
afisha64.ru, 622
patsem2013.org, 13
bikersworld-rathenow.de, 309
openstreetmap.fr, 15
jriver.com, 201
umka.com, 152
shipbroker.no, 323
tradefair.com, 179
tenkarausa.com, 14
wincrm.net, 1349
usenettools.net, 308
imperialantiques.com, 111
moph.go.th, 132
sharedpregnancy.org, 15
haoyisheng.com, 295
silkroadtours.com, 124
studiototal.se, 312
glas-forschung.info, 205
intuitionstraining.org, 293
stedelijkgymnasiumhaarlem.nl, 554
thecroydoncitizen.com, 15
vivesoy.com, 313
gt.com, 19
ehgou.com, 170
labelproducts.com, 23
moln.is, 32
mcdonaldsleon.com, 16
ashishlunawat.com, 113
vnsofts.com, 174
idospower.cz, 694
mmblog.tw, 17
sceper.ws, 258
thurlownunn.co.uk, 108
moriyama.com, 115
thompsonnutritionals.com, 18
jamaica-star.com, 257
paradiselandingwi.com, 161
cddwyy.com, 14
duartelawfirm.com, 215
moskvin.ca, 19
idc029.com, 290
ronincast.com, 119
sonnydickson.com, 17
brightsign.com, 15
schaer-info.de, 191
congtynhunghuou.com, 110
cenblog.org, 105
emesce.com, 14
acswebdevelopment.com, 258
aze.bz, 217
elevenparis.com, 427
kathihill.com, 114
dmxis.com, 290
astrology-readings.com, 38
mujerlunabella.org, 295
kcoolonline.com, 15
drifty.com, 30
webwaterland.nl, 547
vk.me, 9
starepolesie.pl, 308
apamanshop-aichi.com, 29
vk.me, 8
ibermatica.com, 299
thevisualecho.com, 27
afy.ru, 612
aaronwhitaker.com, 294
mybaby2017.ru, 503
gigposters.com, 120
firmanetworks.com, 263
winefestivalattheplains.com, 212
highfielddental.co.uk, 14
babyweb.sk, 586
socialtechnologydesign.com, 172
mobi03.ru, 532
dsl.sk, 304
expd8.com, 303
phpmagazin.de, 299
cookrepublic.com, 16
bakaon.com, 18
nekostudio.net, 298
navtechradar.com, 14
sustainabletriangle.com, 153
bs-holzgigant.de, 193
todaysgeneralcounsel.com, 25
acitydumpsters.com, 14
vk.me, 10
p2a.pl, 292
bostondesis.com, 190
kujian.com, 150
garnier.ca, 14
tafreevar.com, 158
chouf-chouf.com, 207
nestormedia.com, 421
irobot.com, 15
greatmillstone.info, 164
ch-go.ch, 108
friendfinderinc.com, 27
nigerianbulletin.com, 12
e-taneya.com, 124
dpointsrvcs.com, 394
legalis.net, 108
worldtunez.com, 27
admbel.ru, 676
taroscopes.com, 18
lcui.org, 320
scgolfpanel.org, 163
closethebase.org, 289
servnettech.com, 120
hourlyfreesex.com, 300
ybgli.org, 286
naomix.com, 243
projecocontracting.com, 207
camcard.com, 102
dpatrickporsche.com, 67
genderoffenders.com, 173
gardeninginflorida.com, 29
infografeno.com, 310
esporta.nl, 283
digimail.se, 596
mwcloudplatform.com, 14
energymedicine.org, 15
ubllcdhn.com, 321
yenta4.com, 132
frankrust.com, 361
kylemedia.com, 16
la-phoceenne.com, 195
uc.cl, 254
smartstorexperience.com, 28
amedeos.net, 28
car-crm.net, 151
centromiami.com, 118
moneyam.com, 218
swoo.co.uk, 194
oz4abh.dk, 547
mbohal.cz, 739
easypage.fi, 274
smoro.fr, 178
jennifermay.com, 327
owlcreek.com, 226
syasyou.com, 150
chimeraenterprisellc.com, 149
ncesc1.com, 17
sailor.pl, 297
spectrumgp.com, 23
thepinotproject.com, 154
akrockefeller.com, 29
supreetsethi.net, 155
awacademy.org, 152
urazova.ru, 688
mosquitoblocker.com, 14
powerdnn.co.uk, 13
realestateownedsolutions.com, 148
westchesteracupuncture.us, 14
public-trust.com, 7
gic.pt, 13
ciaoseminars.com, 258
mercyimaging.org, 16
advis.pl, 306
themarcellusshale.com, 211
vladmama.ru, 561
louisvuittoncareers.com, 12
artemedya.net, 283
huatki.com, 297
kuzovnoy.ru, 681
komsil.com, 13
groundriddim.com, 119
exquisitestairs.com, 16
a-mail.nl, 826
willsoft.fi, 201
momonduty.com, 11
epo.nl, 278
e-xpress.net, 218
refog.net, 15
weblancer.net, 112
kodanshacomics.com, 156
hydrant.co.uk, 19
el.nl, 552
digitalhart.com, 15
soulbrasil.com, 122
crescentstables.com, 201
betavak.nl, 17
philnews.com, 211
styleblazer.com, 25
pbase.com, 108
smxsports.se, 305
susieanderson.com, 221
docthan.com, 158
cxtg.net, 406
supportthevets.org, 14
cartagraf.com, 570
nicaa.org, 13
caworks-sl.de, 296
midgard-pictures.ch, 304
powernotebooks.com, 186
vk.me, 9
retrovisionmedia.com, 109
hermansingers.nl, 286
edisonenergia.it, 300
housingscotlandtoday.com, 170
helenecastelli.com, 315
noveroma.com, 16
urivalet.com, 150
paheal.net, 354
otohakan.com, 805
guardiancremation.com, 16
qq.com, 138
art-kon-tor.de, 294
mserve.com, 211
thehostfan.com, 15
mkbkantoorartikelen.nl, 551
drtaffi.com, 302
kenils.co.in, 515
jbei.org, 490
pearl-institute.co.jp, 154
evertidegames.com, 310
lemmecheck.info, 17
scriptolution.com, 292
uon.it, 280
truball.com, 157
monumen.pl, 205
worldweapon.info, 297
uigc.net, 124
fonua.com, 114
music-courses.com, 204
downwithbloatware.com, 249
iag-inc.com, 241
healingprovision.com, 314
accordiagolf.com, 362
verlockeshop.de, 302
d2job.com, 150
corinneduyvis.com, 298
publidesign.be, 550
ponroy.com, 293
lsycz.net, 909
conegliano.tv.it, 13
wigh.net, 355
jillainecarlin.com, 169
szpabj.com, 412
service-sncf.com, 13
138mr.com, 161
curiousmarketeer.com, 204
bassmatters.nl, 550
vk.me, 7
qalebfa.ir, 1494
gymboree.com, 16
forfun.us, 293
gateable.com, 298
konya.co.jp, 118
citistreetonline.com, 1011
meredithnovario.com, 308
aacs.net, 358
pawsgalorepetsitters.com, 279
profil.hr, 306
peek-cloppenburg.be, 19
vk.me, 8
ks-auxilia.de, 594
jewishfoodtogo.com, 115
funecole.com, 14
vk.me, 9
stratasys.com, 16
pwt5.com, 325
jyskweb.dk, 591
delhitourism.com, 295
flashbay.de, 12
ruspo.ru, 516
squarespace.com, 10
huynhduc.net, 119
iberianhorsemarket.com, 243
engagedcrm.co.uk, 276
kitepackaging.co.uk, 14
my-mps.com, 548
extremevision.com, 28
allfon.com, 337
citymapper.com, 115
eqdc.nl, 283
fjordnorway.com, 614
dbg.co.za, 495
xspgulf.net, 773
foreveramber.co.uk, 14
acadianseaplanes.com, 110
pohistvo-mobile.si, 310
piedivelati.com, 224
pagely.com, 165
egyptiansociety.net, 182
parulassociates.com, 307
tmatesoft.com, 292
themackfamily.co.uk, 18
koszulka.tv, 193
ghanja.be, 603
lisabyington.com, 213
marciglass.com, 15
mssm.edu, 282
teenbabesinsocks.com, 16
forexcafe.com, 15
galucho.pt, 297
bsc-building-suppliers.com, 152
bomcheck.net, 165
warvar.ru, 320
actionfenceco.com, 313
airagestore.com, 199
godoroso-zenkokukyou.org, 124
telefonszamkereses.hu, 769
davids-garden-seeds-and-products.com, 302
iom.no, 565
marketsnavigator.com, 116
franceguide.com, 716
mosesys.com, 25
kitag.com, 312
flekspak.com, 342
justdownforme.com, 12
traditioninaction.org, 437
russkie-palaty.ru, 682
zappcart.com, 28
federazionepagana.it, 306
oxbowestate.co.za, 505
stansteadstonecircle.org, 14
surechef.com, 13
michiphotostory.com, 174
secuteach.de, 296
keaiq.com, 1590
momtubetv.com, 331
estetdoctor.com, 197
giantpeachtest.com, 170
intelnett.com, 600
stardem.com, 15
fitmole.org, 14
v2v.cc, 684
cyberbude.de, 328
jp.org, 221
chillindia.com, 226
byroommate.com, 19
aquil.ca, 192
114school.cn, 912
dampack.nl, 573
formular.ru, 582
betbetcom.com, 125
very-pc.co.uk, 13
dominosugar.com, 153
fk.ro, 2450
santinopizza.co.uk, 282
ardasenov.ru, 674
burpboutique.com, 344
ep-coatings.co.uk, 552
hcbd.biz, 297
happinessthisway.com, 15
delta3d.org, 219
search-homes.org, 15
nissanrancagua.com, 416
compartstudio.com, 608
cn.com, 10
careerbuilder.eu, 220
artinzert.cz, 790
zag.si, 309
merck.de, 16
whatkatewore.com, 106
ntyfranchise.com, 159
madisoncountyky.us, 18
florian-pennec.net, 160
motleycoder.com, 167
sitecore.net, 8
formless.info, 15
best4u.ir, 846
farraway.co.za, 602
cnczone.nl, 555
bargainjoy.com, 214
globalmarketinggroup.org, 16
logicalshop.com, 154
your-home-design.com, 360
spellekijn.nl, 295
sydneycomputershops.com, 281
childrenandtoddlers.com, 149
wsulaw.com, 125
themrsbox.com, 17
softactivity.com, 17
gxjbsj.com, 142
srpa.org, 14
wkf.fr, 13
sbimo.com, 119
nordjyskelejligheder.dk, 15
onlineuniversity.net, 169
atotech.com, 489
abix.fr, 17
rhsport.pl, 201
cogizz.com, 208
cipafilter.com, 150
g32.nl, 297
za.net, 449
karmanebula.com, 121
bonusnopurchaserequired.com, 202
keycast.com, 108
go2bot.com, 408
webair.com, 206
snapfish.fr, 15
appendad.com, 256
pcomoney.com, 19
churchgrowth.org, 110
calmcdn.com, 166
agrogepaciok.it, 305
todoofeminin.com, 687
lettredesreseaux.com, 305
bestteensex.net, 406
mocean.com, 117
deurdrangers-shop.nl, 553
tcdn.ru, 597
severnaparkaspire.com, 164
meleahhall.com, 16
powermax-motorsport.com, 12
longfeel.com, 315
american.com, 221
ifeng.fm, 411
seyiyi.com, 299
fatstrawberry.com, 18
protechblog.com, 310
z51.biz, 13
yakutia.info, 906
vk.me, 307
genderqueerid.com, 15
hercuton.nl, 284
thespafitnesscenter.com, 14
juliabloggers.com, 172
awlawyers.com, 223
stmargaretbbay.com, 16
candlelightcottages.com, 16
abctvlive.com, 15
dtlsitead.com, 285
aster.it, 312
georgesmion.com, 193
lowcostpower.com, 25
johnsaey.be, 282
vzkj.net, 410
kartalkule.com, 557
countingpips.com, 212
fleurmusic.com, 109
vipbrands.com, 16
adoos.com, 14
toughcountry.net, 542
cinnabar.cc, 219
naturalna-medicina.sk, 302
linksplash.info, 14
ttspro.com, 220
qkmedica.com, 108
freeconferencecallhd.com, 289
monitis.com, 10
arpnamehtaphotography.com, 173
conocophillips.com, 12
dakotaeye.com, 156
intelligentadoption.com, 224
51wasai.com, 274
camdencentreport.com, 236
isoc.si, 314
lordswitness.com, 163
sandiegocubicles.com, 14
lifecharlotte.com, 17
bethappleton.com, 299
pandapow.us, 16
dilw.ie, 546
spst.edu, 106
meshmixer.com, 271
exceedingexpectationsllc.com, 244
khaokhotalamok.com, 224
leylandsdm.co.uk, 14
donberg.co.uk, 14
ecole-movie.jp, 16
topcities.com, 454
howardlindzon.com, 16
millionfareast.com, 17
shhzhiyektv.com, 930
professionalmuscle.com, 15
talkrocktome.com, 14
prestigioplaza.com, 3065
platum.kr, 329
portalpublicitario.com, 331
hdcric.com, 308
whatismyip.com, 13
imb-jena.de, 299
scientificdrilling.com, 119
ikea.gr, 105
biocell.ie, 15
lesmargouillats.com, 163
musicindiaonline.com, 27
indicitalia.com, 2319
hotelmangalampalace.com, 12
ourpictures.com, 212
sonami.co.jp, 239
laconic-records.de, 300
vacationsdirect.com, 225
eu.pn, 110
sangmaestro.com, 214
rocketmatter.com, 225
114chn.com, 284
mettsrv.ru, 622
birdiebikes.co.uk, 194
haninportal.com, 13
solofemaletraveler.com, 14
apssci.org, 17
dnstechpack.com, 344
neotext.ru, 584
cleverpost.ru, 622
ironsocket.com, 10
leczeniezatok.com, 17
drivesrvr.com, 186
featherhairextensions.co, 206
arabmoviez.info, 154
notegear.com, 154
zaprosto-internet.ru, 822
jsalaw.com, 121
campfreedom.net, 219
materielsnautiques.fr, 296
patjobs.ph, 413
frwebhost.com, 240
centrsvm.ru, 890
pitas.com, 108
universityofinnovation.com, 341
educatedstrength.com, 210
ceoemail.com, 272
qingjiaopidaiji.com, 124
kookej.cz, 117
carloerbareagents.com, 386
ringcentral.com, 13
raptureinvenice.com, 215
ashmax.com, 162
confrerieduthe.org, 291
seratnews.ir, 1083
dailycal.org, 105
asiaticsocietycal.com, 260
kjnenterprises.com, 239
certilience.com, 587
------------------------
Number of queries: 5000
Number of timeouts/errors: 241
Error percentage: 0% (approx.)
